-- phpMyAdmin SQL Dump
-- version 5.0.3
-- https://www.phpmyadmin.net/
--
-- Host: localhost:3306
-- Generation Time: Dec 14, 2020 at 02:33 AM
-- Server version: 5.7.24
-- PHP Version: 7.2.19

SET SQL_MODE = "NO_AUTO_VALUE_ON_ZERO";
START TRANSACTION;
SET time_zone = "+00:00";


/*!40101 SET @OLD_CHARACTER_SET_CLIENT=@@CHARACTER_SET_CLIENT */;
/*!40101 SET @OLD_CHARACTER_SET_RESULTS=@@CHARACTER_SET_RESULTS */;
/*!40101 SET @OLD_COLLATION_CONNECTION=@@COLLATION_CONNECTION */;
/*!40101 SET NAMES utf8mb4 */;

--
-- Database: `recom_eng_test`
--

-- --------------------------------------------------------

--
-- Table structure for table `customer`
--

CREATE TABLE `customer` (
  `customer_id` int(11) NOT NULL,
  `first_name` varchar(30) NOT NULL,
  `last_name` varchar(30) NOT NULL,
  `loc` varchar(10) NOT NULL
) ENGINE=InnoDB DEFAULT CHARSET=latin1;

--
-- Dumping data for table `customer`
--

INSERT INTO `customer` (`customer_id`, `first_name`, `last_name`, `loc`) VALUES
(1, 'Braiden ', 'Raymond', 'in'),
(2, 'Aairah', 'Norton', 'us'),
(3, 'Caoimhe', 'Noel', 'uk'),
(4, 'Rebeca', 'Peacock', 'au'),
(5, 'Kendrick', 'Frye', 'in'),
(6, 'Elena', 'Rowe', 'us'),
(7, 'Ariella', 'Cameron', 'af'),
(8, 'Clive', 'Roche', 'ca'),
(9, 'Tyreece', 'Heath', 'uk'),
(10, 'Katelyn', 'Estrada', 'uae'),
(11, 'Fredrick', 'Read', 'au'),
(12, 'Reese', 'Curtis', 'us'),
(13, 'Valentino', 'Braun', 'in'),
(14, 'Rosemarie', 'Monroe', 'ca'),
(15, 'Eshal', 'Ellis', 'us'),
(16, 'Honey', 'Senior', 'au'),
(17, 'Nathan', 'Mccullough', 'in'),
(18, 'Chloe', 'Booth', 'us'),
(19, 'Ben', 'Allison', 'af'),
(20, 'Hoorain', 'Keller', 'ca'),
(21, 'Edison', 'Whyte', 'uk'),
(22, 'Timur', 'Duffy', 'uae'),
(23, 'Carlie', 'Ryder', 'au'),
(24, 'Pixie', 'Collier', 'us'),
(25, 'Saad', 'Galindo', 'in'),
(26, 'Cali', 'Morris', 'ca'),
(27, 'Mariah', 'Gordon', 'us'),
(28, 'Stacie', 'Fisher', 'au'),
(29, 'Lillie-Rose', 'Davenport', 'in'),
(30, 'Loren', 'Summers', 'us'),
(31, 'Herrod', 'Velazquez', 'us'),
(32, 'Alden', 'Whitley', 'au'),
(33, 'Josiah', 'Flowers', 'in'),
(34, 'Joel', 'Hill', 'us'),
(35, 'Barclay', 'King', 'af'),
(36, 'Brock', 'Lowe', 'ca'),
(37, 'Timothy', 'Mendoza', 'uk'),
(38, 'David', 'Mooney', 'uae'),
(39, 'Anthony', 'Hutchinson', 'au'),
(40, 'Duncan', 'Mcpherson', 'us'),
(41, 'Caldwell', 'Collier', 'us'),
(42, 'Chaney', 'Morton', 'au'),
(43, 'Levi', 'Donovan', 'in'),
(44, 'Emmanuel', 'Alvarado', 'us'),
(45, 'Andrew', 'Stein', 'af'),
(46, 'Edward', 'Erickson', 'ca'),
(47, 'Stuart', 'Perkins', 'uk'),
(48, 'Xander', 'Bray', 'uae'),
(49, 'Hiram', 'Acevedo', 'au'),
(50, 'Deacon', 'George', 'us'),
(51, 'Timothy', 'Garza', 'in'),
(52, 'Daquan', 'Mejia', 'us'),
(53, 'Evan', 'Whitfield', 'uk'),
(54, 'Joel', 'Small', 'au'),
(55, 'Salvador', 'Barry', 'in'),
(56, 'Chaim', 'Fitzgerald', 'us'),
(57, 'Vladimir', 'Woods', 'af'),
(58, 'Davis', 'Watkins', 'ca'),
(59, 'Alexander', 'Nixon', 'uk'),
(60, 'Ali', 'Hampton', 'uae'),
(61, 'Gareth', 'Strong', 'au'),
(62, 'Kenneth', 'Cohen', 'us'),
(63, 'Zane', 'Campbell', 'in'),
(64, 'Zachary', 'Welch', 'ca'),
(65, 'Lucius', 'Crosby', 'us'),
(66, 'Tanek', 'Carson', 'au'),
(67, 'Damon', 'Watkins', 'in'),
(68, 'Zeph', 'Mejia', 'us'),
(69, 'Solomon', 'Mosley', 'af'),
(70, 'Damian', 'Coffey', 'ca'),
(71, 'Basil', 'Beasley', 'uk'),
(72, 'Kevin', 'Richmond', 'uae'),
(73, 'Boris', 'Schneider', 'au'),
(74, 'Dorian', 'Schwartz', 'us'),
(75, 'Marsden', 'Pittman', 'in'),
(76, 'Lawrence', 'Clemons', 'ca'),
(77, 'Stone', 'Nash', 'us'),
(78, 'Bevis', 'Vinson', 'au'),
(79, 'Cyrus', 'Keller', 'in'),
(80, 'Garth', 'Henry', 'us'),
(81, 'Wesley', 'Rios', 'uae'),
(82, 'Alden', 'Salinas', 'au'),
(83, 'Zahir', 'Lambert', 'us'),
(84, 'Ishmael', 'Snyder', 'in'),
(85, 'Aidan', 'Murphy', 'ca'),
(86, 'Moses', 'Talley', 'us'),
(87, 'Chadwick', 'Diaz', 'au'),
(88, 'Colin', 'Webster', 'in'),
(89, 'Roth', 'Dotson', 'us'),
(90, 'Ray', 'Baxter', 'af'),
(91, 'Holmes', 'Stanton', 'ca'),
(92, 'Brock', 'Dunn', 'uk'),
(93, 'Jeremy', 'Lambert', 'uae'),
(94, 'Galvin', 'Fitzpatrick', 'au'),
(95, 'Alfonso', 'Rojas', 'us'),
(96, 'Armand', 'Carson', 'in'),
(97, 'Kaseem', 'Foreman', 'ca'),
(98, 'Kevin', 'Ward', 'us'),
(99, 'Darius', 'Thomas', 'au'),
(100, 'Patrick', 'Holland', 'in'),
(101, 'Leroy', 'Hutchinson', 'us'),
(102, 'Jordan', 'Ford', 'uae'),
(103, 'Levi', 'Shepherd', 'au'),
(104, 'Griffin', 'Farley', 'us'),
(105, 'Keaton', 'Sheppard', 'in'),
(106, 'Ali', 'Whitfield', 'ca'),
(107, 'Baker', 'Gonzalez', 'us'),
(108, 'Travis', 'Conner', 'au'),
(109, 'Alec', 'Marks', 'in'),
(110, 'Arden', 'Velasquez', 'us'),
(111, 'Alvin', 'Puckett', 'af'),
(112, 'Thor', 'Bray', 'ca'),
(113, 'Erwin', 'Smith', 'uk'),
(114, 'Victor', 'Baldwin', 'uae'),
(200, 'Damian', 'Ratliff', 'us'),
(201, 'Tyrone', 'Small', 'au'),
(202, 'Julian', 'Rocha', 'in'),
(203, 'Yuli', 'Browning', 'us'),
(204, 'Honorato', 'Salinas', 'af'),
(205, 'Plato', 'Barton', 'ca'),
(206, 'Ryder', 'Osborn', 'uk'),
(207, 'Berk', 'Gould', 'uae'),
(208, 'Xavier', 'Gilbert', 'au'),
(209, 'Trevor', 'Odonnell', 'us'),
(210, 'Richard', 'Shaw', 'in'),
(211, 'Donovan', 'Day', 'us'),
(212, 'Ahmed', 'Spears', 'au'),
(213, 'Graham', 'Douglas', 'in'),
(214, 'Chancellor', 'Wong', 'us'),
(215, 'Ivor', 'Rivas', 'af'),
(216, 'Colin', 'Davidson', 'ca'),
(217, 'Jarrod', 'Carter', 'uk'),
(218, 'Richard', 'Shaw', 'uae'),
(219, 'Damian', 'Ratliff', 'au'),
(220, 'Tyrone', 'Small', 'us'),
(300, 'Branden', 'Sandoval', 'us'),
(301, 'Ezra', 'Slater', 'au'),
(302, 'Chandler', 'Martin', 'in'),
(303, 'Aaron', 'Britt', 'us'),
(304, 'Hunter', 'Kent', 'af'),
(305, 'Peter', 'Rogers', 'ca'),
(306, 'Castor', 'Jimenez', 'uk'),
(307, 'Brent', 'Snider', 'uae'),
(308, 'Xander', 'Meyers', 'au'),
(309, 'Emery', 'Salinas', 'us'),
(400, 'Sebastian', 'Pope', 'in'),
(401, 'Neil', 'Lane', 'ca'),
(402, 'Xanthus', 'Sullivan', 'us'),
(403, 'Samuel', 'Stevenson', 'au'),
(404, 'Tyrone', 'Whitley', 'in'),
(405, 'Arsenio', 'Oliver', 'us'),
(406, 'Sebastian', 'Little', 'us'),
(407, 'Zachery', 'Avila', 'au'),
(408, 'Darius', 'Oneill', 'in'),
(409, 'Orlando', 'Graves', 'us'),
(500, 'Elijah', 'Mccarty', 'af'),
(501, 'Justin', 'Clay', 'ca'),
(502, 'Lewis', 'Buckley', 'uk'),
(503, 'Aaron', 'Becker', 'uae'),
(504, 'Edward', 'Schmidt', 'au'),
(505, 'Troy', 'Weiss', 'us'),
(506, 'August', 'Woods', 'in'),
(507, 'Colt', 'Pierce', 'ca'),
(508, 'Kennan', 'Gray', 'us'),
(509, 'Bradley', 'Fitzpatrick', 'au'),
(600, 'Julian', 'Hampton', 'in'),
(601, 'Alvin', 'Golden', 'us'),
(602, 'Kennedy', 'Carson', 'us'),
(603, 'Nathan', 'Paul', 'au'),
(604, 'Ferris', 'Marsh', 'in'),
(605, 'Baxter', 'Weaver', 'us'),
(606, 'Denton', 'Rivera', 'af'),
(607, 'Cameron', 'Farley', 'ca'),
(608, 'Bevis', 'Snider', 'uk'),
(609, 'Adrian', 'Copeland', 'uae'),
(700, 'Kennedy', 'Hansen', 'au'),
(701, 'Timon', 'Miranda', 'us'),
(702, 'Bernard', 'Joyce', 'in'),
(703, 'Ferris', 'Castaneda', 'ca'),
(704, 'Owen', 'Coleman', 'us'),
(705, 'Finn', 'Donaldson', 'au'),
(706, 'Lester', 'Coffey', 'in'),
(707, 'Tad', 'Benton', 'us'),
(708, 'Aladdin', 'Barker', 'us'),
(709, 'Hunter', 'Washington', 'au'),
(800, 'Honorato', 'Hamilton', 'in'),
(801, 'Logan', 'Jennings', 'us'),
(802, 'Alfonso', 'York', 'af'),
(803, 'Nasim', 'Nieves', 'ca'),
(804, 'Fuller', 'Moss', 'uk'),
(805, 'Lewis', 'Beard', 'uae'),
(806, 'Roth', 'Osborn', 'au'),
(807, 'Cruz', 'Schultz', 'us'),
(808, 'Jonah', 'Boone', 'in'),
(809, 'Ezekiel', 'Murphy', 'ca'),
(900, 'Ezra', 'Sosa', 'us'),
(901, 'Raphael', 'Reilly', 'au'),
(902, 'Chase', 'Britt', 'in'),
(903, 'Quamar', 'Duffy', 'us'),
(904, 'Gil', 'Alvarado', 'us'),
(905, 'Xanthus', 'Valdez', 'au'),
(906, 'Ralph', 'Bonner', 'in'),
(907, 'Chaney', 'Paul', 'us'),
(908, 'Hammett', 'Christian', 'af'),
(909, 'Oliver', 'Whitaker', 'ca'),
(1000, 'Marshall', 'Roach', 'uk'),
(1001, 'Plato', 'Marshall', 'uae'),
(1002, 'Gregory', 'Gibbs', 'au'),
(1003, 'Ahmed', 'Calderon', 'us'),
(1004, 'Silas', 'Mcconnell', 'in'),
(1005, 'Ferris', 'Wright', 'ca'),
(1006, 'Akeem', 'Cantu', 'us'),
(1007, 'Logan', 'Hansen', 'au'),
(1008, 'Kenneth', 'Suarez', 'in'),
(1009, 'Harding', 'Justice', 'us'),
(1100, 'Basil', 'Schultz', 'us'),
(1101, 'Elijah', 'Stanton', 'au'),
(1102, 'Merritt', 'Alexander', 'in'),
(1103, 'Paul', 'Lancaster', 'us'),
(1104, 'Adrian', 'Herrera', 'af'),
(1105, 'John', 'Cantu', 'ca'),
(1106, 'Hilel', 'Vance', 'uk'),
(1107, 'Harding', 'Steele', 'uae'),
(1108, 'Daniel', 'Mckenzie', 'au'),
(1109, 'Oscar', 'Maxwell', 'us'),
(1200, 'Raphael', 'Travis', 'in'),
(1201, 'Amos', 'Vega', 'ca'),
(1202, 'Walker', 'Dean', 'us'),
(1203, 'Leo', 'Montoya', 'au'),
(1204, 'Harlan', 'Fisher', 'in'),
(1205, 'Aristotle', 'Walker', 'us'),
(1206, 'Melvin', 'Weaver', 'us'),
(1207, 'Gray', 'Mccarthy', 'au'),
(1208, 'Colby', 'Sampson', 'in'),
(1209, 'Axel', 'Tate', 'us'),
(1300, 'Jasper', 'Harrell', 'af'),
(1301, 'Wylie', 'Thomas', 'ca'),
(1302, 'Cruz', 'Hawkins', 'uk'),
(1303, 'Declan', 'Douglas', 'uae'),
(1304, 'Herrod', 'Hobbs', 'au'),
(1305, 'Tiger', 'Buchanan', 'us'),
(1306, 'Nissim', 'Glover', 'in'),
(1307, 'Ahmed', 'Mckenzie', 'ca'),
(1308, 'Dominic', 'Cook', 'us'),
(1309, 'Blaze', 'Rowe', 'au'),
(1400, 'Honorato', 'Holden', 'in'),
(1401, 'Cody', 'Barron', 'us'),
(1402, 'Hunter', 'Hebert', 'us'),
(1403, 'Walker', 'Little', 'au'),
(1404, 'Barry', 'Garza', 'in'),
(1405, 'Brian', 'Mosley', 'us'),
(1406, 'Clayton', 'Mccoy', 'af'),
(1407, 'Drew', 'Shepard', 'ca'),
(1408, 'Daquan', 'Hodges', 'uk'),
(1409, 'Emery', 'Fox', 'uae'),
(1500, 'Valentine', 'Marks', 'au'),
(1501, 'Blake', 'Franks', 'us'),
(1502, 'Darius', 'Head', 'in'),
(1503, 'Mannix', 'Santiago', 'ca'),
(1504, 'Mohammad', 'Abbott', 'us'),
(1505, 'Jonah', 'Hurley', 'au'),
(1506, 'Gray', 'Ferrell', 'in'),
(1507, 'Ahmed', 'Boyer', 'us'),
(1508, 'Grant', 'Lucas', 'us'),
(1509, 'Otto', 'Ellis', 'au'),
(1600, 'Troy', 'Hess', 'in'),
(1601, 'Aladdin', 'Wheeler', 'us'),
(1602, 'Bruno', 'Knox', 'af'),
(1603, 'Baxter', 'Haynes', 'ca'),
(1604, 'Connor', 'Joseph', 'uk'),
(1605, 'Brian', 'Payne', 'uae'),
(1606, 'Brett', 'Levine', 'au'),
(1607, 'Joel', 'Vaughan', 'us'),
(1608, 'Driscoll', 'Pratt', 'in'),
(1609, 'Zane', 'Cotton', 'ca'),
(1700, 'Clarke', 'Downs', 'us'),
(1701, 'Leroy', 'Shelton', 'au'),
(1702, 'Joseph', 'Hays', 'in'),
(1703, 'Allistair', 'Ross', 'us'),
(1704, 'Benedict', 'Molina', 'us'),
(1705, 'Ahmed', 'Tran', 'au'),
(1706, 'Silas', 'Lester', 'in'),
(1707, 'Wang', 'Hammond', 'us'),
(1708, 'Macaulay', 'Battle', 'af'),
(1709, 'Conan', 'Richard', 'ca');

-- --------------------------------------------------------

--
-- Table structure for table `orders_test_2`
--

CREATE TABLE `orders_test_2` (
  `order_id` int(11) NOT NULL,
  `store_id` int(11) NOT NULL,
  `customer_id` int(11) NOT NULL,
  `product_id` int(11) NOT NULL
) ENGINE=InnoDB DEFAULT CHARSET=latin1;

--
-- Dumping data for table `orders_test_2`
--

INSERT INTO `orders_test_2` (`order_id`, `store_id`, `customer_id`, `product_id`) VALUES
(101, 105, 1, 38),
(101, 105, 1, 58),
(102, 105, 1, 1),
(102, 105, 1, 41),
(102, 105, 1, 58),
(103, 105, 1, 38),
(103, 105, 1, 97),
(104, 105, 1, 39),
(104, 105, 1, 100),
(105, 105, 1, 33),
(105, 105, 1, 100),
(105, 105, 1, 108),
(106, 105, 1, 30),
(106, 105, 1, 38),
(107, 105, 1, 6),
(107, 105, 1, 9),
(107, 105, 1, 31),
(108, 105, 1, 74),
(108, 105, 1, 77),
(109, 105, 2, 5),
(109, 105, 2, 74),
(110, 105, 2, 12),
(110, 105, 2, 27),
(110, 105, 2, 35),
(111, 105, 2, 6),
(111, 105, 2, 41),
(112, 105, 2, 3),
(112, 105, 2, 72),
(113, 105, 2, 9),
(114, 105, 2, 3),
(114, 105, 2, 9),
(115, 105, 2, 9),
(115, 105, 2, 31),
(116, 105, 2, 26),
(116, 105, 2, 39),
(116, 105, 2, 72),
(117, 105, 2, 11),
(117, 105, 2, 31),
(117, 105, 2, 72),
(118, 105, 3, 30),
(118, 105, 3, 41),
(119, 105, 3, 74),
(119, 105, 3, 104),
(119, 105, 3, 108),
(120, 105, 3, 77),
(120, 105, 3, 108),
(121, 105, 3, 6),
(121, 105, 3, 26),
(122, 105, 3, 11),
(122, 105, 3, 33),
(123, 105, 3, 7),
(123, 105, 3, 27),
(123, 105, 3, 104),
(124, 105, 3, 7),
(124, 105, 3, 30),
(125, 105, 3, 35),
(125, 105, 3, 41),
(126, 105, 3, 6),
(126, 105, 3, 74),
(127, 105, 3, 15),
(127, 105, 3, 104),
(128, 105, 3, 3),
(128, 105, 3, 26),
(129, 105, 3, 6),
(129, 105, 3, 104),
(130, 105, 3, 3),
(130, 105, 3, 72),
(131, 105, 3, 3),
(131, 105, 3, 9),
(132, 105, 4, 10),
(132, 105, 4, 33),
(133, 105, 4, 7),
(133, 105, 4, 39),
(134, 105, 4, 6),
(134, 105, 4, 9),
(134, 105, 4, 35),
(135, 105, 4, 1),
(135, 105, 4, 7),
(136, 105, 4, 30),
(136, 105, 4, 100),
(137, 105, 4, 11),
(137, 105, 4, 12),
(138, 105, 4, 1),
(138, 105, 4, 12),
(139, 105, 4, 31),
(139, 105, 4, 39),
(140, 105, 4, 26),
(140, 105, 4, 104),
(141, 105, 4, 39),
(141, 105, 4, 41),
(141, 105, 4, 97),
(142, 105, 4, 1),
(142, 105, 4, 39),
(143, 105, 5, 1),
(143, 105, 5, 41),
(143, 105, 5, 108),
(144, 105, 5, 15),
(144, 105, 5, 104),
(145, 105, 5, 9),
(145, 105, 5, 97),
(146, 105, 5, 5),
(146, 105, 5, 33),
(147, 105, 5, 10),
(147, 105, 5, 97),
(148, 105, 5, 74),
(148, 105, 5, 97),
(149, 105, 5, 12),
(149, 105, 5, 33),
(150, 105, 5, 6),
(150, 105, 5, 9),
(151, 105, 6, 15),
(151, 105, 6, 58),
(152, 105, 6, 35),
(152, 105, 6, 97),
(153, 105, 6, 9),
(153, 105, 6, 11),
(153, 105, 6, 100),
(154, 105, 6, 6),
(154, 105, 6, 30),
(155, 105, 6, 6),
(155, 105, 6, 41),
(156, 105, 6, 35),
(156, 105, 6, 70),
(157, 105, 6, 6),
(157, 105, 6, 30),
(157, 105, 6, 65),
(158, 105, 6, 6),
(158, 105, 6, 74),
(159, 105, 6, 10),
(159, 105, 6, 100),
(160, 105, 6, 38),
(160, 105, 6, 39),
(160, 105, 6, 72),
(161, 105, 7, 11),
(161, 105, 7, 39),
(162, 105, 7, 100),
(162, 105, 7, 104),
(163, 105, 7, 33),
(163, 105, 7, 35),
(164, 105, 7, 27),
(164, 105, 7, 38),
(165, 105, 7, 9),
(165, 105, 7, 35),
(165, 105, 7, 38),
(166, 105, 7, 10),
(166, 105, 7, 31),
(167, 105, 7, 26),
(167, 105, 7, 38),
(168, 105, 7, 1),
(168, 105, 7, 74),
(169, 105, 7, 12),
(169, 105, 7, 39),
(169, 105, 7, 100),
(170, 105, 7, 12),
(170, 105, 7, 100),
(171, 105, 7, 3),
(171, 105, 7, 9),
(171, 105, 7, 39),
(172, 105, 8, 3),
(172, 105, 8, 77),
(172, 105, 8, 108),
(173, 105, 8, 39),
(173, 105, 8, 58),
(174, 105, 8, 3),
(174, 105, 8, 33),
(175, 105, 8, 27),
(175, 105, 8, 104),
(176, 105, 8, 30),
(176, 105, 8, 38),
(177, 105, 8, 65),
(177, 105, 8, 70),
(178, 105, 8, 12),
(178, 105, 8, 77),
(179, 105, 8, 31),
(179, 105, 8, 104),
(180, 105, 8, 5),
(180, 105, 8, 15),
(181, 105, 8, 9),
(181, 105, 8, 39),
(181, 105, 8, 97),
(182, 105, 9, 12),
(182, 105, 9, 26),
(183, 105, 9, 31),
(183, 105, 9, 72),
(183, 105, 9, 77),
(184, 105, 9, 72),
(184, 105, 9, 97),
(185, 105, 9, 6),
(185, 105, 9, 12),
(186, 105, 9, 10),
(186, 105, 9, 58),
(187, 105, 9, 39),
(187, 105, 9, 108),
(188, 105, 9, 7),
(188, 105, 9, 38),
(189, 105, 9, 6),
(189, 105, 9, 108),
(190, 105, 9, 5),
(190, 105, 9, 58),
(191, 105, 9, 6),
(191, 105, 9, 35),
(191, 105, 9, 38),
(192, 105, 10, 72),
(192, 105, 10, 97),
(193, 105, 10, 41),
(193, 105, 10, 58),
(194, 105, 10, 12),
(194, 105, 10, 33),
(195, 105, 10, 6),
(195, 105, 10, 58),
(195, 105, 10, 72),
(196, 105, 10, 30),
(196, 105, 10, 39),
(197, 105, 10, 10),
(197, 105, 10, 26),
(198, 105, 10, 5),
(198, 105, 10, 10),
(199, 105, 10, 11),
(199, 105, 10, 15),
(200, 105, 10, 33),
(200, 105, 10, 74),
(201, 105, 10, 6),
(201, 105, 10, 74),
(202, 105, 10, 26),
(202, 105, 10, 41),
(202, 105, 10, 74),
(203, 105, 10, 11),
(203, 105, 10, 74),
(210, 107, 11, 9),
(210, 107, 11, 12),
(210, 107, 11, 14),
(211, 107, 11, 17),
(211, 107, 11, 122),
(212, 107, 11, 87),
(212, 107, 11, 102),
(212, 107, 11, 122),
(213, 107, 11, 87),
(213, 107, 11, 133),
(214, 107, 11, 12),
(214, 107, 11, 16),
(214, 107, 11, 103),
(214, 107, 11, 116),
(215, 107, 11, 11),
(215, 107, 11, 139),
(216, 107, 11, 14),
(216, 107, 11, 115),
(216, 107, 11, 131),
(217, 107, 11, 31),
(217, 107, 11, 113),
(217, 107, 11, 133),
(218, 107, 11, 102),
(218, 107, 11, 113),
(218, 107, 11, 121),
(219, 107, 11, 115),
(219, 107, 11, 116),
(220, 107, 11, 116),
(220, 107, 11, 121),
(221, 107, 12, 9),
(221, 107, 12, 17),
(221, 107, 12, 29),
(222, 107, 12, 11),
(222, 107, 12, 115),
(223, 107, 12, 1),
(223, 107, 12, 14),
(223, 107, 12, 122),
(224, 107, 12, 9),
(224, 107, 12, 30),
(225, 107, 12, 43),
(225, 107, 12, 65),
(226, 107, 12, 31),
(226, 107, 12, 102),
(227, 107, 12, 31),
(227, 107, 12, 102),
(228, 107, 12, 11),
(228, 107, 12, 116),
(229, 107, 12, 43),
(229, 107, 12, 139),
(230, 107, 12, 31),
(230, 107, 12, 139),
(231, 107, 12, 36),
(231, 107, 12, 139),
(232, 107, 13, 14),
(232, 107, 13, 30),
(233, 107, 13, 11),
(233, 107, 13, 131),
(234, 107, 13, 12),
(234, 107, 13, 30),
(234, 107, 13, 31),
(235, 107, 13, 14),
(235, 107, 13, 17),
(235, 107, 13, 30),
(236, 107, 13, 87),
(236, 107, 13, 139),
(237, 107, 13, 9),
(237, 107, 13, 43),
(238, 107, 13, 43),
(238, 107, 13, 102),
(239, 107, 13, 9),
(239, 107, 13, 10),
(239, 107, 13, 65),
(239, 107, 13, 100),
(240, 107, 13, 17),
(240, 107, 13, 122),
(241, 107, 13, 11),
(241, 107, 13, 12),
(241, 107, 13, 29),
(242, 107, 14, 17),
(242, 107, 14, 131),
(243, 107, 14, 11),
(243, 107, 14, 16),
(244, 107, 14, 12),
(244, 107, 14, 17),
(244, 107, 14, 43),
(244, 107, 14, 113),
(245, 107, 14, 14),
(245, 107, 14, 133),
(246, 107, 14, 103),
(246, 107, 14, 116),
(246, 107, 14, 121),
(247, 107, 14, 43),
(247, 107, 14, 122),
(248, 107, 14, 14),
(248, 107, 14, 31),
(249, 107, 14, 10),
(249, 107, 14, 14),
(250, 107, 14, 12),
(250, 107, 14, 16),
(251, 107, 14, 12),
(251, 107, 14, 14),
(251, 107, 14, 16),
(251, 107, 14, 43),
(251, 107, 14, 116),
(252, 107, 14, 29),
(252, 107, 14, 116),
(253, 107, 15, 9),
(253, 107, 15, 12),
(253, 107, 15, 139),
(254, 107, 15, 100),
(254, 107, 15, 121),
(255, 107, 15, 31),
(255, 107, 15, 36),
(255, 107, 15, 115),
(256, 107, 15, 1),
(256, 107, 15, 131),
(257, 107, 15, 10),
(257, 107, 15, 43),
(258, 107, 15, 14),
(258, 107, 15, 139),
(259, 107, 15, 12),
(259, 107, 15, 65),
(260, 107, 15, 31),
(260, 107, 15, 43),
(261, 107, 15, 17),
(261, 107, 15, 30),
(261, 107, 15, 31),
(261, 107, 15, 43),
(262, 107, 15, 11),
(262, 107, 15, 103),
(263, 107, 15, 116),
(263, 107, 15, 131),
(264, 107, 15, 29),
(264, 107, 15, 87),
(265, 107, 15, 16),
(265, 107, 15, 87),
(266, 107, 16, 12),
(266, 107, 16, 122),
(267, 107, 16, 16),
(267, 107, 16, 113),
(268, 107, 16, 102),
(268, 107, 16, 115),
(269, 107, 16, 10),
(269, 107, 16, 16),
(270, 107, 16, 12),
(270, 107, 16, 103),
(270, 107, 16, 115),
(270, 107, 16, 139),
(271, 107, 16, 9),
(271, 107, 16, 36),
(271, 107, 16, 103),
(272, 107, 16, 11),
(272, 107, 16, 16),
(273, 107, 16, 1),
(273, 107, 16, 36),
(274, 107, 16, 10),
(274, 107, 16, 11),
(275, 107, 16, 9),
(275, 107, 16, 102),
(276, 107, 16, 30),
(276, 107, 16, 121),
(277, 107, 16, 1),
(277, 107, 16, 122),
(278, 107, 17, 16),
(278, 107, 17, 116),
(279, 107, 17, 14),
(279, 107, 17, 30),
(280, 107, 17, 11),
(280, 107, 17, 29),
(281, 107, 17, 65),
(281, 107, 17, 113),
(282, 107, 17, 17),
(282, 107, 17, 103),
(282, 107, 17, 115),
(282, 107, 17, 116),
(282, 107, 17, 133),
(283, 107, 17, 29),
(283, 107, 17, 100),
(283, 107, 17, 139),
(284, 107, 17, 11),
(284, 107, 17, 87),
(285, 107, 17, 17),
(285, 107, 17, 131),
(286, 107, 17, 16),
(286, 107, 17, 115),
(287, 107, 17, 10),
(287, 107, 17, 102),
(288, 107, 17, 100),
(288, 107, 17, 102),
(289, 107, 17, 103),
(289, 107, 17, 131),
(290, 107, 18, 14),
(290, 107, 18, 16),
(291, 107, 18, 16),
(291, 107, 18, 36),
(292, 107, 18, 65),
(292, 107, 18, 103),
(292, 107, 18, 131),
(293, 107, 18, 102),
(293, 107, 18, 122),
(294, 107, 18, 17),
(294, 107, 18, 65),
(294, 107, 18, 102),
(295, 107, 18, 29),
(295, 107, 18, 30),
(296, 107, 18, 30),
(296, 107, 18, 122),
(297, 107, 18, 43),
(297, 107, 18, 122),
(298, 107, 18, 87),
(298, 107, 18, 133),
(299, 107, 18, 29),
(299, 107, 18, 131),
(300, 107, 18, 43),
(300, 107, 18, 65),
(300, 107, 18, 103),
(301, 107, 18, 43),
(301, 107, 18, 100),
(302, 107, 18, 16),
(302, 107, 18, 121),
(303, 107, 18, 87),
(303, 107, 18, 102),
(304, 107, 18, 1),
(304, 107, 18, 9),
(304, 107, 18, 17),
(304, 107, 18, 121),
(305, 107, 19, 9),
(305, 107, 19, 14),
(306, 107, 19, 10),
(306, 107, 19, 139),
(307, 107, 19, 12),
(307, 107, 19, 29),
(307, 107, 19, 121),
(307, 107, 19, 122),
(308, 107, 19, 16),
(308, 107, 19, 43),
(308, 107, 19, 116),
(309, 107, 19, 122),
(310, 107, 19, 10),
(310, 107, 19, 115),
(311, 107, 19, 43),
(311, 107, 19, 113),
(312, 107, 19, 17),
(312, 107, 19, 115),
(312, 107, 19, 121),
(313, 107, 19, 115),
(313, 107, 19, 121),
(314, 107, 19, 14),
(314, 107, 19, 103),
(314, 107, 19, 116),
(315, 107, 19, 17),
(315, 107, 19, 133),
(316, 107, 19, 31),
(316, 107, 19, 65),
(317, 107, 19, 10),
(317, 107, 19, 12),
(318, 107, 20, 116),
(318, 107, 20, 121),
(319, 107, 20, 1),
(319, 107, 20, 139),
(320, 107, 20, 16),
(320, 107, 20, 131),
(321, 107, 20, 16),
(321, 107, 20, 102),
(322, 107, 20, 100),
(322, 107, 20, 139),
(323, 107, 20, 113),
(323, 107, 20, 139),
(324, 107, 20, 65),
(324, 107, 20, 113),
(325, 107, 20, 9),
(325, 107, 20, 29),
(325, 107, 20, 87),
(326, 107, 20, 102),
(326, 107, 20, 103),
(326, 107, 20, 113),
(327, 107, 20, 16),
(327, 107, 20, 43),
(327, 107, 20, 131),
(328, 107, 20, 65),
(328, 107, 20, 113),
(328, 107, 20, 121),
(329, 107, 20, 31),
(329, 107, 20, 139),
(350, 109, 21, 15),
(350, 109, 21, 115),
(350, 109, 21, 138),
(351, 109, 21, 14),
(351, 109, 21, 117),
(352, 109, 21, 57),
(352, 109, 21, 121),
(353, 109, 21, 31),
(353, 109, 21, 82),
(354, 109, 21, 22),
(354, 109, 21, 115),
(355, 109, 21, 1),
(355, 109, 21, 82),
(355, 109, 21, 84),
(355, 109, 21, 92),
(355, 109, 21, 99),
(356, 109, 21, 92),
(356, 109, 21, 132),
(357, 109, 21, 97),
(357, 109, 21, 102),
(358, 109, 21, 14),
(358, 109, 21, 102),
(359, 109, 21, 82),
(359, 109, 21, 102),
(360, 109, 21, 129),
(360, 109, 21, 132),
(361, 109, 21, 31),
(361, 109, 21, 92),
(361, 109, 21, 117),
(362, 109, 22, 14),
(362, 109, 22, 23),
(363, 109, 22, 84),
(363, 109, 22, 115),
(364, 109, 22, 14),
(364, 109, 22, 57),
(365, 109, 22, 34),
(365, 109, 22, 103),
(366, 109, 22, 1),
(366, 109, 22, 31),
(366, 109, 22, 97),
(367, 109, 22, 23),
(367, 109, 22, 132),
(368, 109, 22, 82),
(368, 109, 22, 121),
(369, 109, 22, 1),
(369, 109, 22, 48),
(369, 109, 22, 80),
(369, 109, 22, 92),
(369, 109, 22, 122),
(370, 109, 22, 92),
(370, 109, 22, 113),
(370, 109, 22, 129),
(371, 109, 22, 80),
(371, 109, 22, 132),
(372, 109, 22, 31),
(372, 109, 22, 138),
(373, 109, 22, 80),
(373, 109, 22, 82),
(373, 109, 22, 97),
(374, 109, 23, 80),
(374, 109, 23, 138),
(375, 109, 23, 22),
(375, 109, 23, 23),
(376, 109, 23, 92),
(376, 109, 23, 122),
(376, 109, 23, 132),
(377, 109, 23, 102),
(377, 109, 23, 132),
(378, 109, 23, 84),
(378, 109, 23, 97),
(378, 109, 23, 121),
(379, 109, 23, 99),
(379, 109, 23, 132),
(380, 109, 23, 92),
(380, 109, 23, 103),
(380, 109, 23, 115),
(380, 109, 23, 129),
(381, 109, 23, 65),
(381, 109, 23, 122),
(382, 109, 23, 57),
(382, 109, 23, 129),
(383, 109, 23, 34),
(383, 109, 23, 49),
(384, 109, 23, 84),
(384, 109, 23, 99),
(384, 109, 23, 132),
(385, 109, 23, 15),
(385, 109, 23, 65),
(386, 109, 24, 68),
(386, 109, 24, 97),
(387, 109, 24, 103),
(387, 109, 24, 115),
(388, 109, 24, 15),
(388, 109, 24, 82),
(388, 109, 24, 122),
(389, 109, 24, 23),
(389, 109, 24, 34),
(390, 109, 24, 65),
(390, 109, 24, 121),
(390, 109, 24, 132),
(391, 109, 24, 122),
(391, 109, 24, 138),
(392, 109, 24, 49),
(392, 109, 24, 103),
(393, 109, 24, 1),
(393, 109, 24, 82),
(394, 109, 24, 31),
(394, 109, 24, 34),
(394, 109, 24, 84),
(394, 109, 24, 113),
(394, 109, 24, 117),
(395, 109, 24, 21),
(395, 109, 24, 65),
(395, 109, 24, 138),
(396, 109, 24, 23),
(396, 109, 24, 132),
(397, 109, 24, 80),
(397, 109, 24, 115),
(398, 109, 24, 1),
(398, 109, 24, 14),
(398, 109, 24, 113),
(399, 109, 25, 21),
(399, 109, 25, 103),
(400, 109, 25, 31),
(400, 109, 25, 97),
(400, 109, 25, 121),
(401, 109, 25, 82),
(401, 109, 25, 132),
(402, 109, 25, 15),
(402, 109, 25, 23),
(403, 109, 25, 34),
(403, 109, 25, 117),
(404, 109, 25, 1),
(404, 109, 25, 14),
(405, 109, 25, 49),
(406, 109, 25, 82),
(406, 109, 25, 115),
(407, 109, 25, 21),
(407, 109, 25, 23),
(408, 109, 25, 1),
(408, 109, 25, 31),
(408, 109, 25, 82),
(408, 109, 25, 99),
(408, 109, 25, 122),
(408, 109, 25, 138),
(409, 109, 25, 14),
(409, 109, 25, 102),
(410, 109, 25, 84),
(410, 109, 25, 102),
(410, 109, 25, 115),
(411, 109, 26, 21),
(411, 109, 26, 121),
(412, 109, 26, 21),
(412, 109, 26, 68),
(413, 109, 26, 31),
(413, 109, 26, 103),
(414, 109, 26, 68),
(414, 109, 26, 132),
(415, 109, 26, 102),
(415, 109, 26, 122),
(416, 109, 26, 65),
(416, 109, 26, 92),
(416, 109, 26, 138),
(417, 109, 26, 49),
(417, 109, 26, 68),
(417, 109, 26, 80),
(417, 109, 26, 117),
(417, 109, 26, 122),
(417, 109, 26, 138),
(418, 109, 26, 1),
(418, 109, 26, 84),
(419, 109, 26, 99),
(419, 109, 26, 129),
(420, 109, 26, 22),
(420, 109, 26, 117),
(421, 109, 27, 84),
(422, 109, 27, 15),
(422, 109, 27, 65),
(423, 109, 27, 22),
(423, 109, 27, 92),
(424, 109, 27, 49),
(424, 109, 27, 138),
(425, 109, 27, 48),
(425, 109, 27, 68),
(426, 109, 27, 68),
(426, 109, 27, 84),
(427, 109, 27, 31),
(427, 109, 27, 115),
(427, 109, 27, 122),
(428, 109, 27, 80),
(428, 109, 27, 99),
(428, 109, 27, 102),
(428, 109, 27, 103),
(428, 109, 27, 121),
(429, 109, 27, 48),
(429, 109, 27, 68),
(430, 109, 27, 92),
(430, 109, 27, 102),
(430, 109, 27, 115),
(431, 109, 27, 34),
(431, 109, 27, 99),
(432, 109, 27, 65),
(432, 109, 27, 103),
(432, 109, 27, 129),
(433, 109, 27, 34),
(433, 109, 27, 121),
(433, 109, 27, 138),
(434, 109, 28, 21),
(434, 109, 28, 22),
(435, 109, 28, 23),
(435, 109, 28, 80),
(435, 109, 28, 103),
(436, 109, 28, 31),
(436, 109, 28, 68),
(436, 109, 28, 84),
(437, 109, 28, 49),
(437, 109, 28, 84),
(438, 109, 28, 97),
(438, 109, 28, 115),
(439, 109, 28, 14),
(439, 109, 28, 23),
(439, 109, 28, 34),
(439, 109, 28, 82),
(439, 109, 28, 129),
(440, 109, 28, 31),
(440, 109, 28, 82),
(441, 109, 28, 14),
(441, 109, 28, 102),
(441, 109, 28, 117),
(441, 109, 28, 129),
(442, 109, 28, 21),
(442, 109, 28, 68),
(443, 109, 28, 99),
(443, 109, 28, 103),
(444, 109, 28, 48),
(444, 109, 28, 84),
(445, 109, 29, 34),
(445, 109, 29, 82),
(446, 109, 29, 65),
(446, 109, 29, 82),
(447, 109, 29, 22),
(447, 109, 29, 121),
(448, 109, 29, 15),
(448, 109, 29, 92),
(448, 109, 29, 102),
(448, 109, 29, 121),
(449, 109, 29, 14),
(449, 109, 29, 34),
(449, 109, 29, 57),
(449, 109, 29, 82),
(450, 109, 29, 31),
(450, 109, 29, 65),
(451, 109, 29, 57),
(451, 109, 29, 80),
(451, 109, 29, 97),
(452, 109, 29, 14),
(452, 109, 29, 22),
(452, 109, 29, 115),
(453, 109, 29, 1),
(453, 109, 29, 49),
(453, 109, 29, 97),
(454, 109, 29, 48),
(454, 109, 29, 65),
(455, 109, 29, 92),
(455, 109, 29, 132),
(456, 109, 29, 34),
(456, 109, 29, 48),
(456, 109, 29, 80),
(457, 109, 30, 92),
(457, 109, 30, 99),
(458, 109, 30, 121),
(458, 109, 30, 129),
(459, 109, 30, 82),
(459, 109, 30, 92),
(459, 109, 30, 97),
(460, 109, 30, 14),
(460, 109, 30, 122),
(461, 109, 30, 103),
(461, 109, 30, 117),
(461, 109, 30, 122),
(462, 109, 30, 21),
(462, 109, 30, 113),
(463, 109, 30, 31),
(463, 109, 30, 82),
(463, 109, 30, 121),
(464, 109, 30, 22),
(464, 109, 30, 57),
(465, 109, 30, 1),
(465, 109, 30, 49),
(466, 109, 30, 84),
(466, 109, 30, 129),
(467, 109, 30, 1),
(467, 109, 30, 23),
(468, 109, 30, 14),
(468, 109, 30, 68),
(468, 109, 30, 82),
(469, 109, 30, 21),
(469, 109, 30, 65),
(470, 109, 30, 22),
(470, 109, 30, 31),
(471, 111, 31, 4),
(471, 111, 31, 5),
(472, 111, 31, 84),
(472, 111, 31, 115),
(473, 111, 31, 4),
(473, 111, 31, 75),
(474, 111, 31, 5),
(474, 111, 31, 115),
(475, 111, 31, 21),
(475, 111, 31, 39),
(475, 111, 31, 43),
(476, 111, 31, 75),
(476, 111, 31, 124),
(477, 111, 31, 98),
(477, 111, 31, 111),
(477, 111, 31, 123),
(478, 111, 31, 2),
(478, 111, 31, 15),
(478, 111, 31, 75),
(478, 111, 31, 84),
(478, 111, 31, 116),
(479, 111, 31, 6),
(479, 111, 31, 83),
(480, 111, 31, 6),
(480, 111, 31, 80),
(481, 111, 31, 14),
(481, 111, 31, 84),
(482, 111, 32, 39),
(482, 111, 32, 82),
(482, 111, 32, 111),
(483, 111, 32, 21),
(483, 111, 32, 75),
(483, 111, 32, 82),
(484, 111, 32, 6),
(484, 111, 32, 15),
(485, 111, 32, 39),
(485, 111, 32, 82),
(486, 111, 32, 93),
(486, 111, 32, 116),
(486, 111, 32, 123),
(487, 111, 32, 5),
(487, 111, 32, 93),
(487, 111, 32, 115),
(487, 111, 32, 123),
(488, 111, 32, 14),
(488, 111, 32, 43),
(489, 111, 32, 115),
(490, 111, 32, 5),
(490, 111, 32, 83),
(490, 111, 32, 94),
(491, 111, 32, 2),
(491, 111, 32, 124),
(492, 111, 32, 6),
(492, 111, 32, 80),
(493, 111, 32, 111),
(493, 111, 32, 114),
(494, 111, 32, 2),
(494, 111, 32, 93),
(495, 111, 33, 43),
(495, 111, 33, 94),
(496, 111, 33, 4),
(496, 111, 33, 80),
(497, 111, 33, 84),
(497, 111, 33, 111),
(498, 111, 33, 5),
(498, 111, 33, 98),
(498, 111, 33, 119),
(499, 111, 33, 14),
(499, 111, 33, 83),
(499, 111, 33, 98),
(499, 111, 33, 115),
(499, 111, 33, 123),
(500, 106, 50, 1),
(500, 106, 50, 45),
(500, 106, 50, 83),
(501, 106, 50, 86),
(501, 106, 50, 99),
(502, 106, 50, 12),
(502, 106, 50, 85),
(503, 106, 50, 1),
(503, 106, 50, 12),
(503, 106, 50, 13),
(503, 106, 50, 133),
(504, 106, 50, 1),
(504, 106, 50, 45),
(504, 106, 50, 85),
(505, 106, 50, 1),
(506, 106, 50, 1),
(506, 106, 50, 33),
(506, 106, 50, 88),
(506, 106, 50, 129),
(508, 106, 50, 93),
(508, 106, 50, 133),
(509, 106, 50, 45),
(509, 106, 50, 118),
(509, 106, 50, 128),
(510, 106, 50, 12),
(510, 106, 50, 68),
(510, 106, 50, 118),
(511, 106, 50, 24),
(511, 106, 50, 46),
(512, 106, 51, 20),
(512, 106, 51, 24),
(512, 106, 51, 99),
(513, 106, 51, 12),
(513, 106, 51, 24),
(513, 106, 51, 46),
(513, 106, 51, 129),
(514, 106, 51, 12),
(514, 106, 51, 13),
(515, 106, 51, 68),
(515, 106, 51, 83),
(515, 106, 51, 86),
(516, 106, 51, 12),
(517, 106, 51, 45),
(517, 106, 51, 83),
(518, 106, 51, 24),
(518, 106, 51, 86),
(518, 106, 51, 133),
(519, 106, 51, 23),
(519, 106, 51, 24),
(520, 106, 51, 1),
(520, 106, 51, 4),
(520, 106, 51, 59),
(521, 106, 51, 24),
(521, 106, 51, 67),
(521, 106, 51, 86),
(522, 106, 51, 4),
(522, 106, 51, 85),
(523, 106, 51, 5),
(523, 106, 51, 23),
(523, 106, 51, 99),
(524, 106, 52, 45),
(524, 106, 52, 129),
(525, 106, 52, 33),
(525, 106, 52, 129),
(526, 106, 52, 4),
(526, 106, 52, 79),
(526, 106, 52, 88),
(527, 106, 52, 12),
(527, 106, 52, 20),
(527, 106, 52, 83),
(528, 106, 52, 93),
(528, 106, 52, 128),
(529, 106, 52, 67),
(529, 106, 52, 133),
(530, 106, 52, 88),
(530, 106, 52, 118),
(531, 106, 53, 23),
(531, 106, 53, 46),
(532, 106, 53, 33),
(533, 106, 53, 23),
(533, 106, 53, 133),
(534, 106, 53, 13),
(534, 106, 53, 14),
(535, 106, 53, 4),
(535, 106, 53, 68),
(535, 106, 53, 83),
(536, 106, 53, 12),
(536, 106, 53, 79),
(536, 106, 53, 85),
(537, 106, 53, 59),
(537, 106, 53, 86),
(538, 106, 53, 1),
(538, 106, 53, 59),
(539, 106, 53, 12),
(539, 106, 53, 23),
(539, 106, 53, 45),
(539, 106, 53, 83),
(540, 106, 53, 13),
(540, 106, 53, 67),
(541, 106, 53, 12),
(541, 106, 53, 118),
(542, 106, 53, 13),
(542, 106, 53, 79),
(542, 106, 53, 85),
(542, 106, 53, 86),
(542, 106, 53, 88),
(543, 106, 53, 12),
(543, 106, 53, 85),
(544, 106, 54, 79),
(544, 106, 54, 129),
(545, 106, 54, 68),
(545, 106, 54, 118),
(546, 106, 54, 5),
(546, 106, 54, 79),
(546, 106, 54, 99),
(547, 106, 54, 23),
(547, 106, 54, 68),
(548, 106, 54, 4),
(548, 106, 54, 88),
(548, 106, 54, 93),
(549, 106, 54, 45),
(549, 106, 54, 85),
(550, 106, 54, 4),
(550, 106, 54, 24),
(551, 106, 54, 12),
(551, 106, 54, 13),
(551, 106, 54, 129),
(552, 106, 54, 20),
(552, 106, 54, 23),
(553, 106, 54, 13),
(553, 106, 54, 24),
(554, 106, 54, 1),
(554, 106, 54, 59),
(554, 106, 54, 86),
(554, 106, 54, 88),
(554, 106, 54, 99),
(555, 106, 55, 68),
(555, 106, 55, 85),
(556, 106, 55, 12),
(556, 106, 55, 33),
(556, 106, 55, 85),
(557, 106, 55, 4),
(557, 106, 55, 85),
(558, 106, 55, 68),
(558, 106, 55, 88),
(559, 106, 55, 20),
(559, 106, 55, 67),
(559, 106, 55, 83),
(560, 106, 55, 13),
(560, 106, 55, 99),
(560, 106, 55, 129),
(561, 106, 55, 14),
(561, 106, 55, 99),
(562, 106, 55, 83),
(562, 106, 55, 128),
(563, 106, 55, 13),
(563, 106, 55, 83),
(564, 106, 55, 4),
(564, 106, 55, 13),
(564, 106, 55, 86),
(564, 106, 55, 133),
(565, 106, 55, 1),
(565, 106, 55, 133),
(566, 106, 55, 79),
(566, 106, 55, 86),
(567, 106, 55, 86),
(567, 106, 55, 93),
(567, 106, 55, 99),
(568, 106, 55, 4),
(568, 106, 55, 23),
(568, 106, 55, 129),
(569, 106, 55, 33),
(569, 106, 55, 45),
(570, 106, 55, 68),
(570, 106, 55, 93),
(571, 106, 56, 20),
(571, 106, 56, 68),
(571, 106, 56, 86),
(572, 106, 56, 46),
(572, 106, 56, 93),
(573, 106, 56, 46),
(573, 106, 56, 83),
(574, 106, 56, 4),
(574, 106, 56, 79),
(574, 106, 56, 99),
(575, 106, 56, 5),
(575, 106, 56, 23),
(576, 106, 56, 13),
(576, 106, 56, 59),
(576, 106, 56, 86),
(577, 106, 56, 45),
(577, 106, 56, 93),
(577, 106, 56, 128),
(578, 106, 56, 86),
(578, 106, 56, 99),
(579, 106, 56, 68),
(579, 106, 56, 83),
(579, 106, 56, 118),
(580, 106, 56, 14),
(580, 106, 56, 118),
(581, 106, 57, 86),
(581, 106, 57, 118),
(581, 106, 57, 129),
(582, 106, 57, 12),
(582, 106, 57, 67),
(583, 106, 57, 14),
(583, 106, 57, 133),
(584, 106, 57, 12),
(584, 106, 57, 59),
(585, 106, 57, 5),
(585, 106, 57, 12),
(586, 106, 57, 33),
(586, 106, 57, 79),
(587, 106, 57, 5),
(587, 106, 57, 23),
(587, 106, 57, 93),
(588, 106, 57, 46),
(588, 106, 57, 99),
(589, 106, 57, 79),
(589, 106, 57, 129),
(590, 106, 57, 20),
(590, 106, 57, 85),
(591, 106, 57, 1),
(592, 106, 57, 23),
(592, 106, 57, 83),
(593, 106, 58, 59),
(593, 106, 58, 83),
(594, 106, 58, 13),
(594, 106, 58, 23),
(595, 106, 58, 93),
(595, 106, 58, 129),
(596, 106, 58, 13),
(596, 106, 58, 23),
(596, 106, 58, 68),
(597, 106, 58, 13),
(597, 106, 58, 118),
(598, 106, 58, 46),
(598, 106, 58, 93),
(598, 106, 58, 118),
(599, 106, 58, 12),
(599, 106, 58, 68),
(600, 106, 58, 14),
(600, 106, 58, 59),
(601, 106, 58, 33),
(601, 106, 58, 99),
(602, 106, 58, 20),
(602, 106, 58, 46),
(602, 106, 58, 118),
(603, 106, 58, 24),
(603, 106, 58, 59),
(603, 106, 58, 68),
(604, 106, 58, 12),
(604, 106, 58, 129),
(605, 106, 58, 83),
(605, 106, 58, 129),
(606, 106, 58, 88),
(606, 106, 58, 118),
(607, 106, 58, 68),
(607, 106, 58, 93),
(608, 106, 58, 59),
(608, 106, 58, 88),
(609, 106, 58, 59),
(609, 106, 58, 79),
(610, 106, 59, 67),
(610, 106, 59, 79),
(611, 106, 60, 24),
(611, 106, 60, 88),
(612, 106, 60, 1),
(612, 106, 60, 14),
(612, 106, 60, 99),
(613, 106, 60, 23),
(613, 106, 60, 93),
(614, 106, 60, 46),
(614, 106, 60, 85),
(615, 106, 60, 4),
(615, 106, 60, 67),
(616, 106, 60, 5),
(616, 106, 60, 59),
(616, 106, 60, 83),
(617, 106, 60, 93),
(617, 106, 60, 129),
(618, 106, 60, 68),
(618, 106, 60, 129),
(619, 106, 60, 13),
(619, 106, 60, 128),
(619, 106, 60, 133),
(620, 106, 61, 1),
(620, 106, 61, 129),
(621, 106, 61, 85),
(621, 106, 61, 133),
(622, 106, 61, 13),
(622, 106, 61, 59),
(622, 106, 61, 86),
(623, 106, 61, 12),
(623, 106, 61, 33),
(624, 106, 61, 20),
(624, 106, 61, 33),
(624, 106, 61, 83),
(625, 106, 61, 59),
(625, 106, 61, 68),
(625, 106, 61, 93),
(626, 106, 61, 1),
(626, 106, 61, 59),
(626, 106, 61, 93),
(627, 106, 61, 24),
(627, 106, 61, 79),
(627, 106, 61, 86),
(628, 106, 61, 20),
(628, 106, 61, 93),
(629, 106, 61, 12),
(629, 106, 61, 13),
(629, 106, 61, 83),
(629, 106, 61, 85),
(630, 106, 61, 4),
(630, 106, 61, 33),
(630, 106, 61, 129),
(631, 106, 61, 33),
(631, 106, 61, 83),
(632, 106, 61, 20),
(632, 106, 61, 128),
(633, 106, 61, 1),
(633, 106, 61, 83),
(634, 106, 62, 33),
(634, 106, 61, 67),
(634, 106, 61, 129),
(634, 106, 62, 133),
(635, 106, 62, 59),
(635, 106, 62, 88),
(636, 106, 62, 14),
(636, 106, 62, 79),
(637, 106, 62, 13),
(637, 106, 62, 93),
(638, 106, 62, 4),
(638, 106, 62, 83),
(638, 106, 62, 118),
(639, 106, 62, 1),
(639, 106, 62, 46),
(640, 106, 62, 5),
(640, 106, 62, 14),
(640, 106, 62, 24),
(641, 108, 63, 4),
(641, 108, 63, 140),
(642, 108, 63, 38),
(642, 108, 63, 92),
(643, 108, 63, 90),
(643, 108, 63, 127),
(644, 108, 63, 90),
(644, 108, 63, 114),
(645, 108, 63, 4),
(645, 108, 63, 106),
(646, 108, 63, 6),
(646, 108, 63, 23),
(646, 108, 63, 88),
(647, 108, 63, 116),
(647, 108, 63, 139),
(648, 108, 63, 28),
(648, 108, 63, 133),
(649, 108, 63, 31),
(649, 108, 63, 87),
(650, 108, 63, 17),
(650, 108, 63, 28),
(651, 108, 63, 15),
(651, 108, 63, 42),
(652, 108, 63, 31),
(652, 108, 63, 92),
(653, 108, 64, 61),
(653, 108, 64, 66),
(654, 108, 64, 28),
(654, 108, 64, 34),
(654, 108, 64, 66),
(654, 108, 64, 105),
(654, 108, 64, 109),
(656, 108, 64, 68),
(656, 108, 64, 88),
(656, 108, 64, 133),
(657, 108, 64, 41),
(657, 108, 64, 76),
(658, 108, 64, 6),
(658, 108, 64, 140),
(659, 108, 64, 4),
(659, 108, 64, 39),
(659, 108, 64, 137),
(660, 108, 64, 9),
(660, 108, 64, 127),
(661, 108, 64, 23),
(661, 108, 64, 31),
(661, 108, 64, 66),
(662, 108, 64, 17),
(662, 108, 64, 74),
(662, 108, 64, 92),
(662, 108, 64, 127),
(663, 108, 64, 21),
(663, 108, 64, 74),
(664, 108, 64, 15),
(664, 108, 64, 45),
(665, 108, 64, 45),
(665, 108, 64, 105),
(666, 108, 64, 45),
(666, 108, 64, 92),
(666, 108, 64, 140),
(667, 108, 65, 21),
(667, 108, 65, 102),
(668, 108, 65, 127),
(669, 108, 65, 9),
(669, 108, 65, 31),
(670, 108, 65, 9),
(670, 108, 65, 66),
(671, 108, 65, 88),
(671, 108, 65, 97),
(671, 108, 65, 116),
(672, 108, 65, 41),
(672, 108, 65, 61),
(673, 108, 65, 17),
(673, 108, 65, 41),
(673, 108, 65, 61),
(674, 108, 65, 41),
(674, 108, 65, 97),
(675, 108, 65, 61),
(675, 108, 65, 74),
(676, 108, 65, 83),
(676, 108, 65, 102),
(676, 108, 65, 140),
(677, 108, 65, 31),
(677, 108, 65, 87),
(678, 108, 66, 34),
(678, 108, 66, 106),
(679, 108, 66, 21),
(679, 108, 66, 66),
(679, 108, 66, 92),
(680, 108, 66, 41),
(680, 108, 66, 61),
(681, 108, 66, 76),
(681, 108, 66, 83),
(681, 108, 66, 88),
(682, 108, 66, 39),
(682, 108, 66, 61),
(683, 108, 66, 41),
(684, 108, 66, 39),
(684, 108, 66, 83),
(684, 108, 66, 127),
(685, 108, 66, 38),
(685, 108, 66, 68),
(686, 108, 66, 76),
(686, 108, 66, 133),
(687, 108, 66, 66),
(687, 108, 66, 140),
(688, 108, 66, 83),
(688, 108, 66, 87),
(688, 108, 66, 97),
(689, 108, 66, 31),
(689, 108, 66, 45),
(689, 108, 66, 133),
(690, 108, 66, 31),
(690, 108, 66, 88),
(691, 108, 66, 17),
(691, 108, 66, 31),
(692, 108, 67, 9),
(692, 108, 67, 17),
(693, 108, 67, 28),
(693, 108, 67, 74),
(693, 108, 67, 90),
(694, 108, 67, 102),
(694, 108, 67, 105),
(694, 108, 67, 139),
(695, 108, 67, 28),
(695, 108, 67, 90),
(695, 108, 67, 116),
(696, 108, 67, 39),
(696, 108, 67, 88),
(696, 108, 67, 116),
(697, 108, 67, 74),
(697, 108, 67, 76),
(698, 108, 67, 41),
(698, 108, 67, 76),
(698, 108, 67, 102),
(699, 108, 67, 31),
(699, 108, 67, 42),
(699, 108, 67, 127),
(700, 108, 67, 21),
(700, 108, 67, 38),
(701, 108, 67, 6),
(701, 108, 67, 61),
(701, 108, 67, 116),
(702, 108, 67, 88),
(702, 108, 67, 92),
(703, 108, 67, 9),
(703, 108, 67, 39),
(704, 108, 67, 90),
(704, 108, 67, 102),
(705, 108, 68, 39),
(705, 108, 68, 45),
(705, 108, 68, 109),
(705, 108, 68, 137),
(706, 108, 68, 137),
(706, 108, 68, 140),
(707, 108, 68, 87),
(707, 108, 68, 140),
(708, 108, 68, 42),
(708, 108, 68, 139),
(709, 108, 68, 61),
(709, 108, 68, 127),
(710, 108, 68, 116),
(710, 108, 68, 133),
(711, 108, 68, 15),
(711, 108, 68, 38),
(711, 108, 68, 68),
(712, 108, 68, 38),
(713, 108, 68, 28),
(713, 108, 68, 41),
(714, 108, 68, 21),
(714, 108, 68, 42),
(714, 108, 68, 140),
(715, 108, 68, 34),
(715, 108, 68, 45),
(715, 108, 68, 106),
(716, 108, 68, 28),
(716, 108, 68, 127),
(717, 108, 69, 21),
(717, 108, 69, 109),
(718, 108, 69, 34),
(718, 108, 69, 83),
(718, 108, 69, 127),
(719, 108, 69, 66),
(719, 108, 69, 97),
(719, 108, 69, 105),
(720, 108, 69, 17),
(720, 108, 69, 74),
(721, 108, 69, 45),
(721, 108, 69, 90),
(721, 108, 69, 137),
(722, 108, 69, 23),
(722, 108, 69, 39),
(723, 108, 69, 41),
(723, 108, 69, 83),
(723, 108, 69, 88),
(724, 108, 69, 66),
(724, 108, 69, 83),
(724, 108, 69, 102),
(725, 108, 69, 68),
(725, 108, 69, 127),
(726, 108, 69, 17),
(726, 108, 69, 38),
(726, 108, 69, 90),
(727, 108, 69, 17),
(727, 108, 69, 83),
(728, 108, 69, 106),
(728, 108, 69, 139),
(729, 108, 69, 88),
(729, 108, 69, 92),
(729, 108, 69, 127),
(730, 108, 69, 31),
(730, 108, 69, 38),
(730, 108, 69, 68),
(731, 108, 70, 83),
(731, 108, 70, 127),
(732, 108, 70, 4),
(732, 108, 70, 34),
(732, 108, 70, 76),
(732, 108, 70, 127),
(733, 108, 70, 17),
(733, 108, 70, 114),
(734, 108, 70, 39),
(734, 108, 70, 127),
(735, 108, 70, 4),
(735, 108, 70, 90),
(736, 108, 70, 6),
(736, 108, 70, 21),
(736, 108, 70, 109),
(737, 108, 70, 17),
(737, 108, 70, 41),
(738, 108, 70, 39),
(738, 108, 70, 139),
(739, 108, 70, 17),
(739, 108, 70, 114),
(739, 108, 70, 140),
(740, 108, 70, 23),
(740, 108, 70, 31),
(740, 108, 70, 87),
(741, 108, 71, 6),
(741, 108, 71, 61),
(742, 108, 71, 23),
(742, 108, 71, 102),
(743, 108, 71, 105),
(743, 108, 71, 106),
(744, 108, 71, 4),
(744, 108, 71, 17),
(745, 108, 71, 105),
(745, 108, 71, 139),
(746, 108, 71, 34),
(746, 108, 71, 137),
(747, 108, 71, 87),
(747, 108, 71, 140),
(748, 108, 71, 92),
(748, 108, 71, 109),
(748, 108, 71, 140),
(749, 108, 71, 4),
(749, 108, 71, 88),
(749, 108, 71, 137),
(750, 108, 71, 68),
(750, 108, 71, 109),
(750, 108, 71, 140),
(751, 108, 71, 21),
(751, 108, 71, 68),
(752, 108, 72, 137),
(752, 108, 72, 140),
(753, 108, 72, 61),
(753, 108, 72, 97),
(753, 108, 72, 105),
(754, 108, 72, 76),
(754, 108, 72, 133),
(755, 108, 72, 28),
(755, 108, 72, 42),
(755, 108, 72, 102),
(756, 108, 72, 6),
(756, 108, 72, 28),
(757, 108, 72, 17),
(757, 108, 72, 45),
(757, 108, 72, 114),
(758, 108, 72, 31),
(758, 108, 72, 41),
(759, 108, 72, 17),
(759, 108, 72, 83),
(759, 108, 72, 114),
(760, 108, 72, 15),
(760, 108, 72, 39),
(760, 108, 72, 106),
(761, 108, 72, 34),
(761, 108, 72, 83),
(761, 108, 72, 139),
(762, 108, 72, 15),
(762, 108, 72, 31),
(762, 108, 72, 102),
(763, 108, 72, 74),
(763, 108, 72, 83),
(763, 108, 72, 140),
(764, 108, 73, 4),
(764, 108, 73, 17),
(764, 108, 73, 140),
(765, 108, 73, 6),
(765, 108, 73, 31),
(765, 108, 73, 68),
(765, 108, 73, 139),
(766, 108, 73, 31),
(766, 108, 73, 106),
(766, 108, 73, 137),
(767, 108, 73, 4),
(767, 108, 73, 45),
(767, 108, 73, 87),
(767, 108, 73, 92),
(768, 108, 73, 23),
(768, 108, 73, 34),
(768, 108, 73, 106),
(768, 108, 73, 133),
(769, 108, 73, 23),
(769, 108, 73, 87),
(769, 108, 73, 88),
(770, 108, 73, 6),
(770, 108, 73, 61),
(770, 108, 73, 66),
(770, 108, 73, 127),
(771, 108, 73, 116),
(771, 108, 73, 133),
(771, 108, 73, 140),
(772, 108, 73, 15),
(772, 108, 73, 38),
(773, 108, 73, 42),
(773, 108, 73, 109),
(773, 108, 73, 133),
(774, 108, 74, 102),
(774, 108, 74, 114),
(775, 108, 74, 45),
(775, 108, 74, 83),
(776, 108, 74, 61),
(776, 108, 74, 83),
(776, 108, 74, 133),
(777, 108, 74, 9),
(777, 108, 74, 76),
(778, 108, 74, 28),
(778, 108, 74, 102),
(779, 108, 74, 6),
(779, 108, 74, 66),
(780, 108, 74, 6),
(780, 108, 74, 34),
(780, 108, 74, 39),
(781, 108, 74, 87),
(781, 108, 74, 97),
(782, 108, 74, 38),
(782, 108, 74, 88),
(782, 108, 74, 140),
(783, 108, 74, 4),
(783, 108, 74, 21),
(783, 108, 74, 42),
(784, 108, 74, 133),
(785, 108, 74, 9),
(785, 108, 74, 66),
(786, 108, 74, 23),
(786, 108, 74, 42),
(786, 108, 74, 114),
(787, 108, 75, 34),
(787, 108, 75, 127),
(788, 108, 75, 38),
(788, 108, 75, 97),
(788, 108, 75, 127),
(789, 108, 75, 28),
(789, 108, 75, 83),
(789, 108, 75, 133),
(790, 108, 75, 31),
(790, 108, 75, 90),
(790, 108, 75, 102),
(791, 108, 75, 31),
(791, 108, 75, 41),
(791, 108, 75, 133),
(792, 108, 75, 21),
(792, 108, 75, 34),
(792, 108, 75, 97),
(793, 108, 75, 66),
(793, 108, 75, 97),
(793, 108, 75, 106),
(794, 108, 75, 127),
(794, 108, 75, 137),
(795, 108, 75, 34),
(795, 108, 75, 105),
(796, 110, 76, 12),
(796, 110, 76, 40),
(796, 110, 76, 134),
(797, 110, 76, 20),
(797, 110, 76, 37),
(797, 110, 76, 44),
(798, 110, 76, 118),
(798, 110, 76, 123),
(799, 110, 76, 58),
(799, 110, 76, 123),
(800, 110, 76, 22),
(800, 110, 76, 40),
(800, 110, 76, 88),
(801, 110, 76, 37),
(801, 110, 76, 58),
(801, 110, 76, 74),
(802, 110, 76, 13),
(802, 110, 76, 88),
(803, 110, 76, 8),
(803, 110, 76, 72),
(804, 110, 76, 12),
(804, 110, 76, 134),
(805, 110, 76, 30),
(805, 110, 76, 74),
(806, 110, 76, 7),
(806, 110, 76, 40),
(807, 110, 76, 22),
(807, 110, 76, 30),
(808, 110, 76, 18),
(809, 110, 76, 13),
(809, 110, 76, 60),
(809, 110, 76, 124),
(810, 110, 77, 22),
(810, 110, 77, 40),
(810, 110, 77, 44),
(811, 110, 77, 43),
(811, 110, 77, 44),
(812, 110, 77, 8),
(812, 110, 77, 44),
(812, 110, 77, 88),
(813, 110, 77, 58),
(813, 110, 77, 107),
(814, 110, 77, 107),
(814, 110, 77, 127),
(815, 110, 77, 7),
(815, 110, 77, 18),
(815, 110, 77, 72),
(816, 110, 77, 101),
(816, 110, 77, 123),
(817, 110, 77, 32),
(817, 110, 77, 124),
(818, 110, 77, 13),
(818, 110, 77, 58),
(818, 110, 77, 88),
(819, 110, 77, 74),
(819, 110, 77, 127),
(820, 110, 77, 13),
(820, 110, 77, 123),
(821, 110, 78, 12),
(821, 110, 78, 37),
(821, 110, 78, 118),
(822, 110, 78, 13),
(822, 110, 78, 18),
(822, 110, 78, 37),
(823, 110, 78, 7),
(823, 110, 78, 83),
(823, 110, 78, 124),
(824, 110, 78, 7),
(824, 110, 78, 127),
(825, 110, 78, 20),
(825, 110, 78, 118),
(825, 110, 78, 134),
(826, 110, 78, 13),
(826, 110, 78, 20),
(826, 110, 78, 123),
(827, 110, 78, 72),
(827, 110, 78, 88),
(827, 110, 78, 134),
(828, 110, 78, 13),
(828, 110, 78, 74),
(828, 110, 78, 134),
(829, 110, 79, 58),
(829, 110, 79, 74),
(829, 110, 79, 127),
(830, 110, 79, 13),
(830, 110, 79, 127),
(831, 110, 79, 83),
(831, 110, 79, 107),
(832, 110, 79, 12),
(832, 110, 79, 37),
(833, 110, 79, 20),
(833, 110, 79, 118),
(834, 110, 79, 42),
(834, 110, 79, 43),
(835, 110, 79, 20),
(836, 110, 79, 74),
(836, 110, 79, 118),
(837, 110, 79, 18),
(837, 110, 79, 101),
(838, 110, 79, 18),
(838, 110, 79, 20),
(838, 110, 79, 107),
(839, 110, 79, 60),
(839, 110, 79, 101),
(840, 110, 79, 37),
(840, 110, 79, 88),
(840, 110, 79, 127),
(841, 110, 80, 20),
(841, 110, 80, 30),
(841, 110, 80, 124),
(842, 110, 80, 44),
(842, 110, 80, 124),
(843, 110, 80, 8),
(843, 110, 80, 60),
(844, 110, 80, 13),
(844, 110, 80, 43),
(845, 110, 80, 40),
(845, 110, 80, 44),
(846, 110, 80, 7),
(846, 110, 80, 32),
(847, 110, 80, 44),
(847, 110, 80, 88),
(848, 110, 80, 12),
(848, 110, 80, 60),
(849, 110, 80, 42),
(849, 110, 80, 124),
(850, 110, 80, 12),
(850, 110, 80, 20),
(850, 110, 80, 30),
(850, 110, 80, 43),
(850, 110, 80, 107),
(850, 110, 80, 118),
(851, 110, 81, 8),
(851, 110, 81, 12),
(851, 110, 81, 83),
(852, 110, 81, 58),
(852, 110, 81, 88),
(853, 110, 81, 22),
(853, 110, 81, 40),
(854, 110, 81, 37),
(854, 110, 81, 72),
(855, 110, 81, 22),
(855, 110, 81, 58),
(856, 110, 81, 18),
(856, 110, 81, 44),
(857, 110, 81, 8),
(857, 110, 81, 123),
(858, 110, 81, 30),
(858, 110, 81, 37),
(858, 110, 81, 72),
(859, 110, 81, 7),
(859, 110, 81, 44),
(859, 110, 81, 60),
(859, 110, 81, 118),
(860, 110, 81, 101),
(860, 110, 81, 107),
(860, 110, 81, 123),
(861, 110, 81, 30),
(861, 110, 81, 118),
(862, 110, 81, 7),
(862, 110, 81, 22),
(863, 110, 81, 12),
(863, 110, 81, 107),
(864, 110, 82, 58),
(864, 110, 82, 83),
(865, 110, 82, 8),
(865, 110, 82, 60),
(866, 110, 82, 18),
(866, 110, 82, 40),
(866, 110, 82, 42),
(866, 110, 82, 107),
(867, 110, 82, 18),
(867, 110, 82, 49),
(867, 110, 82, 127),
(868, 110, 82, 7),
(868, 110, 82, 8),
(868, 110, 82, 58),
(869, 110, 82, 8),
(869, 110, 82, 58),
(869, 110, 82, 74),
(869, 110, 82, 118),
(870, 110, 82, 60),
(870, 110, 82, 134),
(871, 110, 82, 18),
(871, 110, 82, 88),
(871, 110, 82, 134),
(872, 110, 82, 83),
(872, 110, 82, 123),
(873, 110, 82, 44),
(873, 110, 82, 101),
(873, 110, 82, 124),
(874, 110, 82, 7),
(874, 110, 82, 40),
(874, 110, 82, 127),
(875, 110, 83, 44),
(875, 110, 83, 94),
(876, 110, 83, 30),
(876, 110, 83, 32),
(876, 110, 83, 58),
(876, 110, 83, 88),
(877, 110, 83, 58),
(878, 110, 83, 7),
(878, 110, 83, 20),
(878, 110, 83, 58),
(879, 110, 83, 20),
(879, 110, 83, 101),
(880, 110, 83, 44),
(880, 110, 83, 124),
(880, 110, 83, 134),
(881, 110, 83, 74),
(881, 110, 83, 107),
(882, 110, 83, 40),
(882, 110, 83, 107),
(882, 110, 83, 127),
(883, 110, 83, 8),
(883, 110, 83, 74),
(884, 110, 83, 94),
(884, 110, 83, 101),
(884, 110, 83, 123),
(885, 110, 83, 18),
(885, 110, 83, 101),
(886, 110, 83, 44),
(886, 110, 83, 101),
(887, 110, 84, 8),
(887, 110, 84, 127),
(888, 110, 84, 118),
(888, 110, 84, 123),
(889, 110, 84, 12),
(890, 110, 84, 8),
(890, 110, 84, 13),
(891, 110, 84, 40),
(891, 110, 84, 124),
(891, 110, 84, 127),
(892, 110, 84, 22),
(892, 110, 84, 40),
(893, 110, 84, 118),
(893, 110, 84, 134),
(894, 110, 84, 7),
(894, 110, 84, 37),
(894, 110, 84, 94),
(895, 110, 84, 40),
(895, 110, 84, 124),
(896, 110, 85, 12),
(896, 110, 85, 32),
(897, 110, 85, 20),
(897, 110, 85, 94),
(897, 110, 85, 107),
(898, 110, 85, 107),
(898, 110, 85, 124),
(899, 110, 85, 42),
(899, 110, 85, 72),
(899, 110, 85, 123),
(900, 110, 85, 88),
(900, 110, 85, 123),
(900, 110, 85, 127),
(901, 110, 85, 127),
(901, 110, 85, 134),
(902, 110, 85, 42),
(902, 110, 85, 134),
(903, 110, 85, 32),
(903, 110, 85, 60),
(904, 110, 85, 20),
(904, 110, 85, 42),
(905, 110, 85, 32),
(905, 110, 85, 72),
(905, 110, 85, 74),
(906, 110, 85, 83),
(906, 110, 85, 124),
(907, 110, 85, 40),
(907, 110, 85, 124),
(908, 110, 86, 58),
(908, 110, 86, 101),
(908, 110, 86, 118),
(909, 110, 86, 8),
(909, 110, 86, 40),
(909, 110, 86, 123),
(910, 110, 86, 13),
(910, 110, 86, 18),
(911, 110, 86, 8),
(911, 110, 86, 44),
(911, 110, 86, 83),
(912, 110, 86, 13),
(912, 110, 86, 107),
(912, 110, 86, 124),
(913, 110, 86, 37),
(913, 110, 86, 101),
(914, 110, 86, 42),
(914, 110, 86, 88),
(915, 110, 86, 20),
(915, 110, 86, 42),
(916, 110, 86, 22),
(916, 110, 86, 88),
(916, 110, 86, 107),
(917, 110, 87, 13),
(917, 110, 87, 44),
(918, 110, 87, 32),
(918, 110, 87, 127),
(919, 110, 87, 20),
(920, 110, 87, 32),
(921, 110, 87, 7),
(921, 110, 87, 18),
(921, 110, 87, 123),
(923, 110, 87, 7),
(923, 110, 87, 8),
(924, 110, 87, 13),
(924, 110, 87, 37),
(925, 110, 87, 7),
(926, 110, 87, 13),
(926, 110, 87, 127),
(927, 110, 87, 44),
(927, 110, 87, 101),
(928, 110, 87, 12),
(928, 110, 87, 107),
(929, 110, 88, 12),
(929, 110, 88, 22),
(930, 110, 88, 12),
(930, 110, 88, 60),
(931, 110, 88, 44),
(931, 110, 88, 58),
(931, 110, 88, 72),
(932, 110, 88, 43),
(932, 110, 88, 74),
(933, 110, 88, 74),
(933, 110, 88, 107),
(934, 110, 88, 44),
(934, 110, 88, 58),
(935, 110, 88, 107),
(935, 110, 88, 134),
(936, 110, 88, 20),
(936, 110, 88, 30),
(937, 110, 88, 40),
(937, 110, 88, 118),
(938, 110, 88, 60),
(938, 110, 88, 72),
(939, 110, 88, 94),
(940, 110, 88, 20),
(940, 110, 88, 60),
(941, 110, 89, 44),
(941, 110, 89, 83),
(942, 110, 89, 7),
(942, 110, 89, 134),
(943, 110, 89, 43),
(943, 110, 89, 123),
(944, 110, 89, 40),
(944, 110, 89, 60),
(945, 110, 89, 32),
(945, 110, 89, 43),
(945, 110, 89, 58),
(946, 110, 89, 88),
(946, 110, 89, 134),
(947, 110, 89, 83),
(947, 110, 89, 124),
(948, 110, 89, 22),
(948, 110, 89, 58),
(949, 110, 89, 74),
(949, 110, 89, 83),
(950, 110, 89, 44),
(950, 110, 89, 123),
(951, 112, 90, 11),
(951, 112, 90, 30),
(951, 112, 90, 47),
(951, 112, 90, 52),
(951, 112, 90, 113),
(951, 112, 90, 133),
(952, 112, 90, 106),
(953, 112, 90, 56),
(953, 112, 90, 68),
(953, 112, 90, 111),
(954, 112, 90, 12),
(954, 112, 90, 56),
(955, 112, 90, 11),
(955, 112, 90, 30),
(955, 112, 90, 106),
(956, 112, 90, 11),
(956, 112, 90, 26),
(957, 112, 90, 7),
(957, 112, 90, 133),
(958, 112, 90, 22),
(958, 112, 90, 26),
(959, 112, 90, 22),
(959, 112, 90, 56),
(959, 112, 90, 62),
(960, 112, 90, 22),
(961, 112, 90, 52),
(961, 112, 90, 68),
(962, 112, 90, 11),
(962, 112, 90, 47),
(963, 112, 91, 22),
(963, 112, 91, 111),
(964, 112, 91, 33),
(964, 112, 91, 52),
(965, 112, 91, 22),
(965, 112, 91, 56),
(966, 112, 91, 12),
(966, 112, 91, 39),
(967, 112, 91, 56),
(967, 112, 91, 62),
(967, 112, 91, 133),
(968, 112, 91, 12),
(968, 112, 91, 111),
(969, 112, 91, 33),
(969, 112, 91, 133),
(970, 112, 91, 7),
(970, 112, 91, 41),
(970, 112, 91, 113),
(971, 112, 91, 68),
(971, 112, 91, 111),
(972, 112, 91, 26),
(972, 112, 91, 62),
(973, 112, 91, 33),
(973, 112, 91, 62),
(974, 112, 92, 30),
(974, 112, 92, 113),
(975, 112, 92, 106),
(976, 112, 92, 11),
(976, 112, 92, 30),
(976, 112, 92, 52),
(976, 112, 92, 106),
(976, 112, 92, 111),
(977, 112, 92, 52),
(977, 112, 92, 113),
(978, 112, 92, 30),
(978, 112, 92, 113),
(979, 112, 92, 26),
(980, 112, 92, 22),
(980, 112, 92, 30),
(980, 112, 92, 133),
(981, 112, 92, 30),
(981, 112, 92, 33),
(982, 112, 92, 26),
(983, 112, 92, 59),
(983, 112, 92, 133),
(984, 112, 92, 11),
(984, 112, 92, 33),
(985, 112, 92, 22),
(985, 112, 92, 113),
(986, 112, 93, 39),
(986, 112, 93, 133),
(987, 112, 93, 22),
(987, 112, 93, 26),
(988, 112, 93, 30),
(989, 112, 93, 52),
(989, 112, 93, 59),
(989, 112, 93, 62),
(990, 112, 93, 12),
(990, 112, 93, 26),
(991, 112, 93, 39),
(991, 112, 93, 47),
(992, 112, 93, 47),
(992, 112, 93, 52),
(992, 112, 93, 59),
(993, 112, 93, 11),
(993, 112, 93, 26),
(994, 112, 93, 26),
(994, 112, 93, 68),
(995, 112, 93, 7),
(995, 112, 93, 106),
(996, 112, 93, 11),
(996, 112, 93, 30),
(997, 112, 94, 22),
(997, 112, 94, 26),
(998, 112, 94, 12),
(998, 112, 94, 41),
(998, 112, 94, 56),
(998, 112, 94, 59),
(999, 112, 94, 7),
(999, 112, 94, 11),
(999, 112, 94, 39),
(1001, 111, 33, 4),
(1001, 101, 1, 12),
(1001, 101, 1, 13),
(1001, 101, 1, 62),
(1001, 111, 33, 116),
(1002, 101, 1, 4),
(1002, 111, 33, 57),
(1002, 101, 1, 63),
(1002, 111, 33, 99),
(1002, 111, 33, 116),
(1003, 101, 1, 4),
(1003, 101, 1, 50),
(1003, 111, 33, 56),
(1003, 101, 1, 59),
(1003, 101, 1, 63),
(1003, 111, 33, 84),
(1003, 111, 33, 116),
(1004, 111, 33, 2),
(1004, 101, 1, 4),
(1004, 101, 1, 13),
(1004, 101, 1, 50),
(1004, 111, 33, 75),
(1004, 101, 1, 116),
(1005, 101, 1, 18),
(1005, 101, 1, 62),
(1005, 111, 33, 83),
(1005, 111, 33, 114),
(1006, 101, 1, 4),
(1006, 111, 33, 5),
(1006, 101, 1, 12),
(1006, 111, 33, 43),
(1006, 101, 1, 54),
(1006, 101, 1, 63),
(1006, 101, 1, 125),
(1007, 111, 33, 2),
(1007, 101, 1, 4),
(1007, 101, 1, 12),
(1007, 101, 1, 50),
(1007, 101, 1, 63),
(1007, 111, 33, 94),
(1007, 101, 1, 105),
(1008, 101, 1, 18),
(1008, 101, 1, 59),
(1008, 111, 34, 80),
(1008, 111, 34, 98),
(1009, 101, 1, 12),
(1009, 101, 1, 13),
(1009, 111, 34, 21),
(1009, 101, 1, 54),
(1009, 101, 1, 59),
(1009, 101, 1, 63),
(1009, 111, 34, 119),
(1010, 111, 34, 6),
(1010, 101, 1, 50),
(1010, 111, 34, 84),
(1011, 111, 34, 43),
(1011, 101, 1, 62),
(1011, 111, 34, 80),
(1012, 101, 1, 62),
(1012, 111, 34, 96),
(1012, 111, 34, 116),
(1013, 111, 34, 21),
(1013, 101, 1, 50),
(1013, 111, 34, 119),
(1014, 111, 34, 15),
(1014, 111, 34, 21),
(1014, 101, 1, 24),
(1014, 111, 34, 56),
(1014, 111, 34, 82),
(1014, 111, 34, 119),
(1015, 111, 34, 14),
(1015, 101, 1, 24),
(1015, 111, 34, 115),
(1016, 111, 34, 5),
(1016, 101, 1, 50),
(1016, 111, 34, 114),
(1017, 101, 1, 4),
(1017, 111, 34, 15),
(1017, 111, 34, 115),
(1017, 111, 34, 119),
(1018, 111, 34, 4),
(1018, 111, 34, 43),
(1018, 101, 1, 50),
(1019, 101, 1, 4),
(1019, 111, 34, 15),
(1019, 111, 34, 94),
(1020, 111, 34, 21),
(1020, 111, 34, 99),
(1020, 111, 34, 111),
(1020, 101, 1, 125),
(1021, 101, 1, 47),
(1021, 111, 34, 80),
(1021, 111, 34, 98),
(1022, 101, 1, 62),
(1022, 111, 35, 99),
(1022, 111, 35, 114),
(1023, 111, 35, 4),
(1023, 101, 1, 59),
(1023, 111, 35, 95),
(1024, 101, 1, 12),
(1024, 111, 35, 82),
(1024, 111, 35, 93),
(1024, 111, 35, 116),
(1025, 101, 1, 12),
(1025, 111, 35, 82),
(1025, 111, 35, 84),
(1026, 111, 35, 2),
(1026, 111, 35, 21),
(1026, 101, 1, 63),
(1026, 111, 35, 115),
(1027, 111, 35, 56),
(1027, 111, 35, 98),
(1028, 111, 35, 39),
(1028, 111, 35, 119),
(1029, 111, 35, 111),
(1029, 111, 35, 115),
(1030, 111, 35, 6),
(1030, 111, 35, 43),
(1030, 111, 35, 83),
(1031, 111, 35, 14),
(1031, 111, 35, 39),
(1031, 111, 35, 57),
(1032, 111, 35, 15),
(1032, 111, 35, 98),
(1033, 111, 35, 15),
(1033, 111, 35, 83),
(1034, 111, 35, 95),
(1034, 111, 35, 96),
(1035, 111, 35, 39),
(1035, 111, 35, 94),
(1035, 111, 35, 119),
(1036, 111, 36, 5),
(1036, 111, 36, 14),
(1036, 111, 36, 43),
(1037, 111, 36, 93),
(1037, 111, 36, 123),
(1038, 111, 36, 43),
(1038, 111, 36, 95),
(1039, 111, 36, 21),
(1039, 111, 36, 43),
(1040, 111, 36, 4),
(1040, 111, 36, 56),
(1040, 111, 36, 75),
(1040, 111, 36, 84),
(1041, 111, 36, 80),
(1041, 111, 36, 116),
(1042, 111, 36, 15),
(1042, 111, 36, 95),
(1043, 111, 36, 6),
(1043, 111, 36, 96),
(1044, 111, 36, 93),
(1044, 111, 36, 96),
(1044, 111, 36, 115),
(1045, 111, 36, 93),
(1045, 111, 36, 115),
(1046, 111, 36, 80),
(1046, 111, 36, 82),
(1047, 111, 36, 4),
(1047, 111, 36, 5),
(1048, 111, 36, 6),
(1048, 111, 36, 21),
(1049, 111, 36, 95),
(1049, 111, 36, 123),
(1050, 111, 37, 5),
(1050, 111, 37, 93),
(1051, 111, 37, 114),
(1051, 111, 37, 119),
(1052, 111, 37, 75),
(1052, 111, 37, 124),
(1053, 111, 37, 56),
(1053, 111, 37, 116),
(1054, 111, 37, 43),
(1054, 111, 37, 94),
(1054, 111, 37, 115),
(1055, 111, 37, 116),
(1055, 111, 37, 123),
(1056, 111, 37, 5),
(1056, 111, 37, 82),
(1056, 111, 37, 124),
(1057, 111, 37, 14),
(1057, 111, 37, 75),
(1057, 111, 37, 80),
(1058, 111, 37, 15),
(1058, 111, 37, 56),
(1059, 111, 37, 93),
(1059, 111, 37, 123),
(1060, 111, 37, 80),
(1060, 111, 37, 93),
(1060, 111, 37, 123),
(1061, 111, 37, 93),
(1061, 111, 37, 111),
(1062, 111, 37, 56),
(1063, 111, 38, 5),
(1063, 111, 38, 94),
(1063, 111, 38, 99),
(1064, 111, 38, 83),
(1064, 111, 38, 84),
(1064, 111, 38, 123),
(1065, 111, 38, 21),
(1065, 111, 38, 80),
(1066, 111, 38, 39),
(1066, 111, 38, 96),
(1067, 111, 38, 93),
(1067, 111, 38, 124),
(1068, 111, 38, 6),
(1068, 111, 38, 14),
(1068, 111, 38, 99),
(1069, 111, 38, 57),
(1069, 111, 38, 75),
(1069, 111, 38, 119),
(1070, 111, 38, 80),
(1070, 111, 38, 119),
(1071, 111, 38, 2),
(1071, 111, 38, 15),
(1071, 111, 38, 56),
(1072, 111, 38, 6),
(1072, 111, 38, 57),
(1072, 111, 38, 116),
(1073, 111, 38, 96),
(1073, 111, 38, 98),
(1074, 111, 38, 2),
(1074, 111, 38, 57),
(1075, 111, 39, 111),
(1075, 111, 39, 116),
(1075, 111, 39, 119),
(1076, 111, 39, 5),
(1076, 111, 39, 93),
(1077, 111, 39, 75),
(1077, 111, 39, 82),
(1077, 111, 39, 119),
(1078, 111, 39, 2),
(1078, 111, 39, 94),
(1079, 111, 39, 2),
(1079, 111, 39, 93),
(1079, 111, 39, 94),
(1079, 111, 39, 123),
(1080, 111, 39, 15),
(1080, 111, 39, 21),
(1081, 111, 39, 80),
(1081, 111, 39, 83),
(1082, 111, 39, 2),
(1082, 111, 39, 115),
(1083, 111, 39, 84),
(1084, 111, 39, 56),
(1084, 111, 39, 83),
(1085, 111, 39, 5),
(1085, 111, 39, 111),
(1085, 111, 39, 119),
(1086, 111, 39, 57),
(1086, 111, 39, 93),
(1086, 111, 39, 99),
(1087, 111, 40, 4),
(1087, 111, 40, 93),
(1088, 111, 40, 80),
(1088, 111, 40, 119),
(1089, 111, 40, 5),
(1089, 111, 40, 43),
(1089, 111, 40, 94),
(1090, 111, 40, 5),
(1090, 111, 40, 6),
(1090, 111, 40, 39),
(1090, 111, 40, 75),
(1090, 111, 40, 111),
(1091, 111, 40, 2),
(1091, 111, 40, 115),
(1092, 111, 40, 2),
(1092, 111, 40, 21),
(1093, 111, 40, 56),
(1093, 111, 40, 82),
(1093, 111, 40, 111),
(1094, 111, 40, 83),
(1094, 111, 40, 84),
(1095, 111, 40, 56),
(1095, 111, 40, 98),
(1096, 111, 40, 84),
(1096, 111, 40, 94),
(1096, 111, 40, 116),
(1097, 111, 40, 4),
(1097, 111, 40, 14),
(1097, 111, 40, 83),
(1098, 111, 40, 80),
(1098, 111, 40, 84),
(1099, 111, 40, 5),
(1099, 111, 40, 95),
(1100, 111, 40, 5),
(1100, 111, 40, 99),
(1101, 113, 41, 36),
(1101, 113, 41, 65),
(1102, 113, 41, 65),
(1102, 113, 41, 124),
(1102, 113, 41, 125),
(1103, 113, 41, 42),
(1103, 113, 41, 83),
(1104, 113, 41, 1),
(1104, 113, 41, 137),
(1105, 113, 41, 42),
(1105, 113, 41, 83),
(1106, 113, 41, 10),
(1106, 113, 41, 42),
(1107, 113, 41, 48),
(1107, 113, 41, 63),
(1107, 113, 41, 83),
(1107, 113, 41, 102),
(1107, 113, 41, 125),
(1108, 113, 41, 20),
(1108, 113, 41, 48),
(1108, 113, 41, 60),
(1109, 113, 41, 10),
(1109, 113, 41, 76),
(1110, 113, 41, 10),
(1110, 113, 41, 36),
(1110, 113, 41, 128),
(1111, 113, 41, 20),
(1111, 113, 41, 69),
(1111, 113, 41, 125),
(1112, 113, 42, 125),
(1112, 113, 42, 137),
(1113, 113, 42, 69),
(1113, 113, 42, 124),
(1114, 113, 42, 63),
(1114, 113, 42, 69),
(1114, 113, 42, 122),
(1115, 113, 42, 1),
(1115, 113, 42, 10),
(1115, 113, 42, 20),
(1115, 113, 42, 63),
(1115, 113, 42, 136),
(1115, 113, 42, 137),
(1116, 113, 42, 36),
(1116, 113, 42, 65),
(1117, 113, 42, 20),
(1117, 113, 42, 65),
(1117, 113, 42, 76),
(1118, 113, 42, 10),
(1118, 113, 42, 128),
(1119, 113, 42, 48),
(1119, 113, 42, 128),
(1120, 113, 42, 36),
(1120, 113, 42, 60),
(1121, 113, 42, 10),
(1121, 113, 42, 20),
(1121, 113, 42, 76),
(1122, 113, 42, 1),
(1122, 113, 42, 128),
(1123, 113, 42, 42),
(1123, 113, 42, 63),
(1123, 113, 42, 102),
(1124, 113, 43, 42),
(1124, 113, 43, 128),
(1125, 113, 43, 36),
(1125, 113, 43, 63),
(1125, 113, 43, 122),
(1126, 113, 43, 36),
(1126, 113, 43, 102),
(1127, 113, 43, 63),
(1127, 113, 43, 83),
(1128, 113, 43, 48),
(1128, 113, 43, 128),
(1128, 113, 43, 137),
(1129, 113, 43, 1),
(1129, 113, 43, 76),
(1130, 113, 43, 65),
(1130, 113, 43, 122),
(1131, 113, 43, 42),
(1131, 113, 43, 60),
(1132, 113, 43, 137),
(1133, 113, 43, 10),
(1133, 113, 43, 136),
(1134, 113, 43, 36),
(1134, 113, 43, 83),
(1134, 113, 43, 137),
(1135, 113, 43, 20),
(1135, 113, 43, 69),
(1135, 113, 43, 124),
(1135, 113, 43, 125),
(1135, 113, 43, 128),
(1136, 113, 43, 36),
(1136, 113, 43, 42),
(1136, 113, 43, 122),
(1137, 113, 43, 48),
(1137, 113, 43, 76),
(1138, 113, 43, 128),
(1138, 113, 43, 137),
(1139, 113, 43, 48),
(1139, 113, 43, 136),
(1139, 113, 43, 137),
(1140, 113, 43, 20),
(1140, 113, 43, 48),
(1140, 113, 43, 83),
(1141, 113, 43, 42),
(1141, 113, 43, 48),
(1141, 113, 43, 136),
(1142, 113, 44, 20),
(1142, 113, 44, 36),
(1143, 113, 44, 69),
(1143, 113, 44, 136),
(1144, 113, 44, 36),
(1144, 113, 44, 122),
(1145, 113, 44, 20),
(1145, 113, 44, 63),
(1146, 113, 44, 42),
(1146, 113, 44, 48),
(1146, 113, 44, 136),
(1147, 113, 44, 48),
(1147, 113, 44, 125),
(1147, 113, 44, 128),
(1148, 113, 44, 76),
(1148, 113, 44, 128),
(1149, 113, 44, 48),
(1149, 113, 44, 63),
(1150, 113, 44, 1),
(1150, 113, 44, 124),
(1150, 113, 44, 137),
(1151, 113, 44, 63),
(1151, 113, 44, 136),
(1152, 113, 44, 1),
(1152, 113, 44, 42),
(1152, 113, 44, 102),
(1153, 113, 44, 83),
(1153, 113, 44, 128),
(1154, 113, 44, 76),
(1154, 113, 44, 128),
(1155, 113, 44, 42),
(1155, 113, 44, 48),
(1155, 113, 44, 63),
(1155, 113, 44, 65),
(1155, 113, 44, 137),
(1156, 113, 45, 63),
(1156, 113, 45, 136),
(1157, 113, 45, 136),
(1157, 113, 45, 137),
(1158, 113, 45, 60),
(1158, 113, 45, 63),
(1159, 113, 45, 60),
(1159, 113, 45, 76),
(1160, 113, 45, 1),
(1160, 113, 45, 125),
(1161, 113, 45, 48),
(1161, 113, 45, 60),
(1162, 113, 45, 36),
(1162, 113, 45, 65),
(1162, 113, 45, 125),
(1163, 113, 45, 63),
(1163, 113, 45, 83),
(1163, 113, 45, 125),
(1164, 113, 45, 69),
(1164, 113, 45, 76),
(1165, 113, 45, 10),
(1165, 113, 45, 60),
(1165, 113, 45, 83),
(1166, 113, 45, 69),
(1166, 113, 45, 124),
(1166, 113, 45, 125),
(1167, 113, 45, 1),
(1167, 113, 45, 125),
(1168, 113, 45, 20),
(1168, 113, 45, 48),
(1168, 113, 45, 128),
(1168, 113, 45, 137),
(1169, 113, 46, 125),
(1169, 113, 46, 137),
(1170, 113, 46, 20),
(1170, 113, 46, 36),
(1171, 113, 46, 42),
(1171, 113, 46, 69),
(1172, 113, 46, 20),
(1172, 113, 46, 124),
(1173, 113, 46, 42),
(1173, 113, 46, 76),
(1173, 113, 46, 83),
(1174, 113, 46, 1),
(1174, 113, 46, 122),
(1175, 113, 46, 36),
(1175, 113, 46, 125),
(1176, 113, 46, 20),
(1176, 113, 46, 36),
(1176, 113, 46, 137),
(1177, 113, 46, 60),
(1177, 113, 46, 122),
(1178, 113, 46, 1),
(1178, 113, 46, 69),
(1178, 113, 46, 83),
(1179, 113, 46, 1),
(1179, 113, 46, 48),
(1180, 113, 46, 10),
(1180, 113, 46, 125),
(1180, 113, 46, 136),
(1180, 113, 46, 137),
(1181, 113, 46, 42),
(1181, 113, 46, 136),
(1182, 113, 47, 125),
(1183, 113, 47, 42),
(1183, 113, 47, 76),
(1184, 113, 47, 69),
(1184, 113, 47, 128),
(1185, 113, 47, 10),
(1185, 113, 47, 136),
(1186, 113, 47, 36),
(1186, 113, 47, 125),
(1186, 113, 47, 136),
(1187, 113, 47, 76),
(1187, 113, 47, 122),
(1188, 113, 47, 76),
(1188, 113, 47, 102),
(1189, 113, 47, 10),
(1189, 113, 47, 60),
(1189, 113, 47, 69),
(1189, 113, 47, 102),
(1189, 113, 47, 122),
(1190, 113, 47, 42),
(1190, 113, 47, 48),
(1190, 113, 47, 76),
(1191, 113, 47, 65),
(1191, 113, 47, 125),
(1192, 113, 47, 10),
(1192, 113, 47, 124),
(1193, 113, 47, 48),
(1193, 113, 47, 128),
(1193, 113, 47, 136),
(1194, 113, 47, 65),
(1194, 113, 47, 136),
(1195, 113, 48, 1),
(1195, 113, 48, 63),
(1196, 113, 48, 76),
(1196, 113, 48, 83),
(1197, 113, 48, 36),
(1197, 113, 48, 69),
(1198, 113, 48, 1),
(1198, 113, 48, 48),
(1198, 113, 48, 76),
(1199, 113, 48, 63),
(1199, 113, 48, 136),
(1200, 113, 48, 1),
(1200, 113, 48, 36),
(1200, 113, 48, 42),
(1201, 113, 48, 102),
(1201, 113, 48, 122),
(1202, 113, 48, 60),
(1202, 113, 48, 69),
(1203, 113, 48, 63),
(1203, 113, 48, 65),
(1203, 113, 48, 125),
(1204, 113, 48, 1),
(1204, 113, 48, 36),
(1204, 113, 48, 124),
(1205, 113, 48, 36),
(1205, 113, 48, 137),
(1206, 113, 48, 60),
(1206, 113, 48, 136),
(1206, 113, 48, 137),
(1207, 113, 48, 20),
(1207, 113, 48, 36),
(1207, 113, 48, 65),
(1207, 113, 48, 122),
(1208, 113, 49, 48),
(1208, 113, 49, 102),
(1209, 113, 49, 102),
(1209, 113, 49, 125),
(1210, 113, 49, 76),
(1210, 113, 49, 102),
(1211, 113, 49, 42),
(1211, 113, 49, 137),
(1212, 113, 49, 1),
(1212, 113, 49, 83),
(1213, 113, 49, 48),
(1213, 113, 49, 128),
(1214, 113, 49, 124),
(1214, 113, 49, 128),
(1214, 113, 49, 137),
(1215, 113, 49, 36),
(1215, 113, 49, 60),
(1215, 113, 49, 76),
(1216, 113, 49, 10),
(1216, 113, 49, 20),
(1216, 113, 49, 42),
(1216, 113, 49, 122),
(1216, 113, 49, 124),
(1217, 113, 49, 10),
(1217, 113, 49, 122),
(1218, 113, 49, 42),
(1218, 113, 49, 124),
(1219, 113, 49, 36),
(1219, 113, 49, 63),
(1220, 113, 50, 42),
(1220, 113, 50, 76),
(1221, 113, 50, 10),
(1221, 113, 50, 48),
(1222, 113, 50, 42),
(1222, 113, 50, 102),
(1222, 113, 50, 128),
(1223, 113, 50, 63),
(1223, 113, 50, 102),
(1224, 113, 50, 48),
(1224, 113, 50, 125),
(1225, 113, 50, 1),
(1225, 113, 50, 136),
(1226, 113, 50, 36),
(1226, 113, 50, 65),
(1226, 113, 50, 83),
(1226, 113, 50, 124),
(1226, 113, 50, 137),
(1227, 113, 50, 36),
(1227, 113, 50, 125),
(1228, 113, 50, 63),
(1228, 113, 50, 102),
(1229, 113, 50, 1),
(1229, 113, 50, 48),
(1230, 113, 50, 48),
(1230, 113, 50, 76),
(1231, 113, 50, 20),
(1231, 113, 50, 36),
(1231, 113, 50, 128),
(1501, 112, 94, 30),
(1501, 112, 94, 56),
(1502, 112, 94, 62),
(1502, 112, 94, 106),
(1503, 112, 94, 106),
(1503, 112, 94, 133),
(1504, 112, 94, 11),
(1504, 112, 94, 41),
(1504, 112, 94, 47),
(1505, 112, 95, 12),
(1505, 112, 95, 113),
(1506, 112, 95, 12),
(1506, 112, 95, 62),
(1506, 112, 95, 111),
(1507, 112, 95, 30),
(1507, 112, 95, 52),
(1508, 112, 95, 11),
(1508, 112, 95, 33),
(1508, 112, 95, 106),
(1509, 112, 95, 41),
(1509, 112, 95, 52),
(1510, 112, 95, 12),
(1510, 112, 95, 26),
(1510, 112, 95, 33),
(1510, 112, 95, 62),
(1510, 112, 95, 68),
(1511, 112, 95, 47),
(1511, 112, 95, 62),
(1511, 112, 95, 113),
(1512, 112, 95, 30),
(1512, 112, 95, 59),
(1512, 112, 95, 106),
(1513, 112, 95, 26),
(1513, 112, 95, 30),
(1514, 112, 95, 12),
(1514, 112, 95, 30),
(1515, 112, 95, 30);
INSERT INTO `orders_test_2` (`order_id`, `store_id`, `customer_id`, `product_id`) VALUES
(1515, 112, 95, 39),
(1515, 112, 95, 106),
(1516, 112, 95, 22),
(1516, 112, 95, 47),
(1516, 112, 95, 68),
(1517, 112, 95, 26),
(1517, 112, 95, 30),
(1517, 112, 95, 113),
(1518, 112, 96, 12),
(1518, 112, 96, 111),
(1519, 112, 96, 7),
(1519, 112, 96, 106),
(1520, 112, 96, 7),
(1520, 112, 96, 12),
(1521, 112, 96, 52),
(1521, 112, 96, 59),
(1522, 112, 96, 11),
(1522, 112, 96, 33),
(1522, 112, 96, 113),
(1523, 112, 96, 30),
(1523, 112, 96, 39),
(1523, 112, 96, 111),
(1524, 112, 96, 30),
(1524, 112, 96, 111),
(1525, 112, 96, 30),
(1525, 112, 96, 33),
(1525, 112, 96, 41),
(1526, 112, 96, 47),
(1526, 112, 96, 56),
(1526, 112, 96, 62),
(1527, 112, 96, 62),
(1527, 112, 96, 111),
(1527, 112, 96, 133),
(1528, 112, 96, 41),
(1528, 112, 96, 56),
(1529, 112, 97, 11),
(1529, 112, 97, 12),
(1529, 112, 97, 111),
(1530, 112, 97, 22),
(1530, 112, 97, 56),
(1531, 112, 97, 7),
(1531, 112, 97, 11),
(1531, 112, 97, 33),
(1532, 112, 97, 30),
(1532, 112, 97, 68),
(1532, 112, 97, 133),
(1533, 112, 97, 22),
(1533, 112, 97, 33),
(1534, 112, 97, 30),
(1534, 112, 97, 59),
(1534, 112, 97, 106),
(1535, 112, 97, 26),
(1535, 112, 97, 113),
(1536, 112, 97, 33),
(1536, 112, 97, 56),
(1536, 112, 97, 111),
(1537, 112, 97, 26),
(1537, 112, 97, 30),
(1538, 112, 97, 22),
(1538, 112, 97, 47),
(1538, 112, 97, 68),
(1539, 112, 97, 11),
(1539, 112, 97, 111),
(1539, 112, 97, 113),
(1540, 112, 97, 111),
(1540, 112, 97, 113),
(1541, 112, 98, 30),
(1541, 112, 98, 33),
(1541, 112, 98, 41),
(1542, 112, 98, 47),
(1542, 112, 98, 56),
(1542, 112, 98, 62),
(1543, 112, 98, 39),
(1543, 112, 98, 133),
(1544, 112, 98, 26),
(1544, 112, 98, 33),
(1544, 112, 98, 133),
(1545, 112, 98, 11),
(1545, 112, 98, 47),
(1545, 112, 98, 113),
(1545, 112, 98, 133),
(1546, 112, 99, 39),
(1546, 112, 99, 113),
(1547, 112, 99, 26),
(1547, 112, 99, 59),
(1547, 112, 99, 106),
(1548, 112, 99, 22),
(1548, 112, 99, 33),
(1548, 112, 99, 52),
(1549, 112, 99, 7),
(1549, 112, 99, 11),
(1550, 112, 99, 12),
(1550, 112, 99, 62),
(1551, 112, 99, 33),
(1551, 112, 99, 111),
(1552, 112, 99, 26),
(1552, 112, 99, 68),
(1552, 112, 99, 113),
(1553, 112, 99, 22),
(1553, 112, 99, 62),
(1554, 112, 99, 11),
(1554, 112, 99, 26),
(1554, 112, 99, 113),
(1555, 112, 99, 7),
(1555, 112, 99, 41),
(1555, 112, 99, 111),
(1556, 112, 99, 26),
(1556, 112, 99, 33),
(1556, 112, 99, 106),
(1557, 112, 99, 22),
(1557, 112, 99, 33),
(1558, 112, 99, 11),
(1558, 112, 99, 26),
(1558, 112, 99, 56),
(1559, 112, 100, 22),
(1559, 112, 100, 39),
(1559, 112, 100, 133),
(1560, 112, 100, 30),
(1560, 112, 100, 111),
(1561, 112, 100, 7),
(1561, 112, 100, 33),
(1561, 112, 100, 41),
(1562, 112, 100, 26),
(1562, 112, 100, 111),
(1563, 112, 100, 30),
(1563, 112, 100, 56),
(1564, 112, 100, 41),
(1564, 112, 100, 59),
(1565, 112, 100, 26),
(1565, 112, 100, 33),
(1565, 112, 100, 62),
(1566, 112, 100, 47),
(1566, 112, 100, 56),
(1567, 112, 100, 7),
(1567, 112, 100, 41),
(1567, 112, 100, 68),
(1568, 112, 100, 30),
(1568, 112, 100, 39),
(1569, 112, 100, 22),
(1569, 112, 100, 56),
(1569, 112, 100, 62),
(1570, 112, 100, 22),
(1570, 112, 100, 62),
(1570, 112, 100, 68),
(1571, 112, 100, 7),
(1571, 112, 100, 47),
(1572, 112, 101, 12),
(1572, 112, 101, 106),
(1573, 112, 101, 7),
(1573, 112, 101, 11),
(1573, 112, 101, 30),
(1574, 112, 101, 41),
(1574, 112, 101, 62),
(1575, 112, 101, 12),
(1575, 112, 101, 26),
(1575, 112, 101, 39),
(1576, 112, 101, 41),
(1576, 112, 101, 59),
(1576, 112, 101, 106),
(1576, 112, 101, 111),
(1577, 112, 102, 7),
(1577, 112, 102, 12),
(1578, 112, 102, 22),
(1578, 112, 102, 106),
(1578, 112, 102, 133),
(1579, 112, 102, 7),
(1579, 112, 102, 106),
(1579, 112, 102, 111),
(1580, 112, 102, 30),
(1580, 112, 102, 111),
(1581, 112, 102, 7),
(1581, 112, 102, 106),
(1582, 112, 102, 47),
(1582, 112, 102, 106),
(1583, 112, 102, 30),
(1583, 112, 102, 56),
(1584, 112, 102, 39),
(1584, 112, 102, 62),
(1584, 112, 102, 133),
(1585, 112, 102, 47),
(1586, 112, 102, 11),
(1586, 112, 102, 26),
(1586, 112, 102, 52),
(1586, 112, 102, 106),
(1587, 112, 102, 22),
(1587, 112, 102, 68),
(1588, 112, 102, 56),
(1588, 112, 102, 62),
(1588, 112, 102, 113),
(1589, 112, 103, 7),
(1589, 112, 103, 39),
(1589, 112, 103, 106),
(1590, 112, 103, 33),
(1590, 112, 103, 56),
(1590, 112, 103, 62),
(1591, 112, 103, 7),
(1591, 112, 103, 39),
(1592, 112, 103, 30),
(1592, 112, 103, 39),
(1592, 112, 103, 62),
(1593, 112, 103, 26),
(1593, 112, 103, 47),
(1594, 112, 103, 39),
(1594, 112, 103, 56),
(1594, 112, 103, 113),
(1595, 112, 103, 12),
(1595, 112, 103, 62),
(1595, 112, 103, 106),
(1596, 114, 104, 79),
(1596, 114, 104, 86),
(1597, 114, 104, 2),
(1597, 114, 104, 79),
(1598, 114, 104, 2),
(1598, 114, 104, 86),
(1598, 114, 104, 95),
(1599, 114, 104, 2),
(1599, 114, 104, 13),
(1599, 114, 104, 98),
(1600, 114, 104, 45),
(1600, 114, 104, 98),
(1601, 114, 104, 86),
(1601, 114, 104, 120),
(1602, 114, 104, 48),
(1602, 114, 104, 76),
(1603, 114, 104, 79),
(1603, 114, 104, 89),
(1603, 114, 104, 98),
(1604, 114, 104, 19),
(1604, 114, 104, 50),
(1605, 114, 104, 13),
(1605, 114, 104, 36),
(1606, 114, 104, 19),
(1606, 114, 104, 79),
(1606, 114, 104, 98),
(1607, 114, 104, 2),
(1607, 114, 104, 13),
(1608, 114, 104, 86),
(1608, 114, 104, 116),
(1609, 114, 105, 50),
(1609, 114, 105, 89),
(1609, 114, 105, 98),
(1610, 114, 105, 50),
(1610, 114, 105, 86),
(1610, 114, 105, 99),
(1611, 114, 105, 2),
(1611, 114, 105, 116),
(1612, 114, 105, 89),
(1612, 114, 105, 120),
(1613, 114, 105, 36),
(1613, 114, 105, 48),
(1613, 114, 105, 99),
(1614, 114, 105, 39),
(1614, 114, 105, 48),
(1614, 114, 105, 75),
(1615, 114, 105, 2),
(1615, 114, 105, 39),
(1615, 114, 105, 95),
(1616, 114, 105, 19),
(1616, 114, 105, 86),
(1617, 114, 105, 13),
(1617, 114, 105, 76),
(1617, 114, 105, 98),
(1618, 114, 105, 75),
(1618, 114, 105, 76),
(1619, 114, 105, 2),
(1619, 114, 105, 86),
(1619, 114, 105, 120),
(1620, 114, 105, 36),
(1620, 114, 105, 76),
(1621, 114, 105, 79),
(1621, 114, 105, 98),
(1621, 114, 105, 99),
(1622, 114, 106, 2),
(1622, 114, 106, 76),
(1623, 114, 106, 2),
(1623, 114, 106, 50),
(1623, 114, 106, 116),
(1624, 114, 106, 89),
(1624, 114, 106, 99),
(1625, 114, 106, 45),
(1625, 114, 106, 95),
(1625, 114, 106, 98),
(1625, 114, 106, 99),
(1625, 114, 106, 116),
(1626, 114, 106, 45),
(1626, 114, 106, 99),
(1627, 114, 106, 19),
(1627, 114, 106, 45),
(1628, 114, 106, 86),
(1628, 114, 106, 116),
(1628, 114, 106, 120),
(1629, 114, 106, 39),
(1629, 114, 106, 45),
(1629, 114, 106, 50),
(1630, 114, 106, 19),
(1630, 114, 106, 45),
(1631, 114, 106, 50),
(1631, 114, 106, 79),
(1632, 114, 106, 13),
(1632, 114, 106, 50),
(1632, 114, 106, 75),
(1633, 114, 106, 2),
(1633, 114, 106, 13),
(1633, 114, 106, 45),
(1633, 114, 106, 76),
(1634, 114, 106, 19),
(1634, 114, 106, 45),
(1634, 114, 106, 79),
(1635, 114, 107, 2),
(1635, 114, 107, 76),
(1635, 114, 107, 86),
(1636, 114, 107, 19),
(1636, 114, 107, 48),
(1636, 114, 107, 98),
(1637, 114, 107, 36),
(1637, 114, 107, 86),
(1638, 114, 107, 95),
(1638, 114, 107, 98),
(1639, 114, 107, 13),
(1639, 114, 107, 48),
(1639, 114, 107, 86),
(1640, 114, 107, 13),
(1640, 114, 107, 95),
(1640, 114, 107, 120),
(1641, 114, 107, 75),
(1641, 114, 107, 89),
(1642, 114, 107, 2),
(1642, 114, 107, 19),
(1642, 114, 107, 39),
(1643, 114, 107, 19),
(1643, 114, 107, 95),
(1643, 114, 107, 120),
(1644, 114, 107, 89),
(1644, 114, 107, 95),
(1644, 114, 107, 116),
(1645, 114, 107, 79),
(1645, 114, 107, 86),
(1645, 114, 107, 98),
(1646, 114, 107, 79),
(1646, 114, 107, 98),
(1647, 114, 107, 36),
(1647, 114, 107, 99),
(1648, 114, 107, 36),
(1648, 114, 107, 86),
(1648, 114, 107, 98),
(1649, 114, 107, 2),
(1649, 114, 107, 95),
(1649, 114, 107, 99),
(1650, 114, 107, 50),
(1650, 114, 107, 75),
(1650, 114, 107, 99),
(1651, 114, 108, 2),
(1651, 114, 108, 39),
(1651, 114, 108, 79),
(1652, 114, 108, 19),
(1652, 114, 108, 36),
(1652, 114, 108, 48),
(1653, 114, 108, 2),
(1653, 114, 108, 45),
(1653, 114, 108, 76),
(1654, 114, 108, 2),
(1654, 114, 108, 45),
(1654, 114, 108, 89),
(1655, 114, 108, 89),
(1655, 114, 108, 98),
(1656, 114, 108, 45),
(1656, 114, 108, 48),
(1656, 114, 108, 75),
(1657, 114, 108, 19),
(1657, 114, 108, 36),
(1657, 114, 108, 50),
(1658, 114, 108, 2),
(1658, 114, 108, 39),
(1659, 114, 108, 45),
(1659, 114, 108, 95),
(1660, 114, 108, 75),
(1660, 114, 108, 79),
(1660, 114, 108, 95),
(1661, 114, 108, 19),
(1661, 114, 108, 95),
(1662, 114, 109, 13),
(1662, 114, 109, 19),
(1662, 114, 109, 95),
(1663, 114, 109, 76),
(1663, 114, 109, 86),
(1664, 114, 109, 13),
(1664, 114, 109, 45),
(1664, 114, 109, 116),
(1665, 114, 109, 19),
(1665, 114, 109, 39),
(1665, 114, 109, 79),
(1666, 114, 109, 36),
(1666, 114, 109, 48),
(1666, 114, 109, 89),
(1667, 114, 109, 36),
(1667, 114, 109, 76),
(1667, 114, 109, 120),
(1668, 114, 109, 19),
(1668, 114, 109, 99),
(1668, 114, 109, 120),
(1669, 114, 109, 19),
(1669, 114, 109, 45),
(1669, 114, 109, 86),
(1670, 114, 109, 2),
(1670, 114, 109, 13),
(1671, 114, 109, 75),
(1671, 114, 109, 116),
(1671, 114, 109, 120),
(1672, 114, 109, 19),
(1672, 114, 109, 48),
(1672, 114, 109, 76),
(1673, 114, 110, 75),
(1673, 114, 110, 86),
(1673, 114, 110, 89),
(1674, 114, 110, 13),
(1674, 114, 110, 98),
(1675, 114, 110, 48),
(1675, 114, 110, 50),
(1675, 114, 110, 120),
(1676, 114, 110, 89),
(1676, 114, 110, 116),
(1677, 114, 110, 99),
(1678, 114, 110, 36),
(1678, 114, 110, 39),
(1678, 114, 110, 50),
(1679, 114, 110, 36),
(1679, 114, 110, 75),
(1679, 114, 110, 86),
(1680, 114, 110, 36),
(1680, 114, 110, 48),
(1680, 114, 110, 99),
(1681, 114, 110, 2),
(1681, 114, 110, 98),
(1681, 114, 110, 99),
(1682, 114, 110, 39),
(1682, 114, 110, 45),
(1682, 114, 110, 95),
(1683, 114, 110, 75),
(1684, 114, 110, 13),
(1684, 114, 110, 95),
(1685, 114, 111, 36),
(1685, 114, 111, 89),
(1685, 114, 111, 99),
(1686, 114, 111, 75),
(1686, 114, 111, 79),
(1687, 114, 111, 50),
(1687, 114, 111, 79),
(1688, 114, 111, 86),
(1688, 114, 111, 98),
(1688, 114, 111, 120),
(1689, 114, 111, 48),
(1689, 114, 111, 75),
(1689, 114, 111, 95),
(1690, 114, 111, 86),
(1690, 114, 111, 89),
(1691, 114, 111, 76),
(1691, 114, 111, 98),
(1692, 114, 111, 116),
(1693, 114, 111, 48),
(1693, 114, 111, 95),
(1693, 114, 111, 99),
(1694, 114, 111, 39),
(1694, 114, 111, 79),
(1695, 114, 111, 98),
(1695, 114, 111, 116),
(1696, 114, 112, 39),
(1696, 114, 112, 45),
(1697, 114, 112, 36),
(1697, 114, 112, 75),
(1697, 114, 112, 86),
(1698, 114, 112, 13),
(1698, 114, 112, 48),
(1698, 114, 112, 76),
(1699, 114, 112, 19),
(1699, 114, 112, 39),
(1699, 114, 112, 45),
(1700, 114, 112, 50),
(1700, 114, 112, 98),
(1700, 114, 112, 120),
(1701, 114, 112, 36),
(1701, 114, 112, 45),
(1701, 114, 112, 76),
(1702, 114, 112, 79),
(1702, 114, 112, 99),
(1702, 114, 112, 120),
(1703, 114, 112, 13),
(1703, 114, 112, 39),
(1703, 114, 112, 116),
(1704, 114, 112, 19),
(1704, 114, 112, 36),
(1704, 114, 112, 86),
(1705, 114, 112, 75),
(1705, 114, 112, 98),
(1706, 114, 112, 89),
(1706, 114, 112, 95),
(1706, 114, 112, 99),
(1707, 114, 112, 75),
(1707, 114, 112, 89),
(1708, 114, 113, 75),
(1708, 114, 113, 99),
(1709, 114, 113, 36),
(1709, 114, 113, 86),
(1710, 114, 113, 95),
(1710, 114, 113, 116),
(1711, 114, 113, 19),
(1711, 114, 113, 75),
(1711, 114, 113, 95),
(1712, 114, 113, 89),
(1712, 114, 113, 98),
(1713, 114, 113, 86),
(1713, 114, 113, 95),
(1713, 114, 113, 98),
(1714, 114, 113, 86),
(1714, 114, 113, 99),
(1715, 114, 113, 2),
(1715, 114, 113, 76),
(1715, 114, 113, 86),
(1716, 114, 113, 2),
(1716, 114, 113, 95),
(1717, 114, 113, 86),
(1717, 114, 113, 98),
(1717, 114, 113, 99),
(1718, 114, 113, 75),
(1718, 114, 113, 79),
(1718, 114, 113, 98),
(1719, 114, 113, 39),
(1719, 114, 113, 75),
(1720, 114, 113, 86),
(1720, 114, 113, 116),
(1720, 114, 113, 120),
(1721, 114, 114, 13),
(1721, 114, 114, 50),
(1721, 114, 114, 116),
(1722, 114, 114, 36),
(1722, 114, 114, 75),
(1722, 114, 114, 86),
(1723, 114, 114, 89),
(1723, 114, 114, 116),
(1724, 114, 114, 48),
(1724, 114, 114, 76),
(1724, 114, 114, 99),
(1725, 114, 114, 13),
(1725, 114, 114, 75),
(1725, 114, 114, 86),
(1726, 114, 114, 2),
(1726, 114, 114, 39),
(1727, 114, 114, 13),
(1727, 114, 114, 19),
(1727, 114, 114, 95),
(1728, 114, 114, 48),
(1728, 114, 114, 79),
(1728, 114, 114, 89),
(1729, 114, 114, 19),
(1729, 114, 114, 95),
(1729, 114, 114, 99),
(1730, 114, 114, 116),
(1730, 114, 114, 120),
(1731, 114, 114, 50),
(1731, 114, 114, 79),
(1731, 114, 114, 120),
(2501, 101, 201, 24),
(2501, 101, 201, 126),
(2502, 101, 201, 6),
(2502, 101, 201, 50),
(2503, 101, 201, 4),
(2503, 101, 201, 12),
(2503, 101, 201, 129),
(2504, 101, 201, 45),
(2504, 101, 201, 63),
(2505, 101, 201, 13),
(2505, 101, 201, 24),
(2505, 101, 201, 52),
(2506, 101, 201, 4),
(2506, 101, 201, 6),
(2506, 101, 201, 13),
(2506, 101, 201, 45),
(2506, 101, 201, 106),
(2506, 101, 201, 126),
(2507, 101, 201, 6),
(2508, 101, 201, 70),
(2508, 101, 201, 129),
(2509, 101, 201, 62),
(2509, 101, 201, 129),
(2510, 101, 201, 45),
(2510, 101, 201, 50),
(2511, 101, 201, 45),
(2511, 101, 201, 50),
(2511, 101, 201, 126),
(2512, 101, 201, 13),
(2512, 101, 201, 105),
(2513, 101, 202, 59),
(2513, 101, 202, 116),
(2514, 101, 202, 12),
(2514, 101, 202, 70),
(2514, 101, 202, 129),
(2515, 101, 202, 59),
(2515, 101, 202, 61),
(2516, 101, 202, 4),
(2516, 101, 202, 63),
(2516, 101, 202, 116),
(2517, 101, 202, 12),
(2517, 101, 202, 13),
(2518, 101, 202, 13),
(2518, 101, 202, 15),
(2518, 101, 202, 63),
(2518, 101, 202, 105),
(2518, 101, 202, 113),
(2519, 101, 202, 4),
(2519, 101, 202, 61),
(2520, 101, 202, 13),
(2520, 101, 202, 15),
(2520, 101, 202, 47),
(2521, 101, 202, 6),
(2521, 101, 202, 61),
(2521, 101, 202, 116),
(2522, 101, 202, 45),
(2522, 101, 202, 54),
(2523, 101, 202, 52),
(2523, 101, 202, 116),
(2523, 101, 202, 126),
(2524, 101, 202, 50),
(2524, 101, 202, 126),
(2525, 101, 203, 52),
(2525, 101, 203, 116),
(2526, 101, 203, 12),
(2526, 101, 203, 50),
(2526, 101, 203, 105),
(2527, 101, 203, 15),
(2527, 101, 203, 50),
(2528, 101, 203, 61),
(2528, 101, 203, 70),
(2529, 101, 203, 45),
(2529, 101, 203, 116),
(2530, 101, 203, 6),
(2530, 101, 203, 24),
(2530, 101, 203, 126),
(2531, 101, 203, 54),
(2531, 101, 203, 59),
(2531, 101, 203, 62),
(2531, 101, 203, 70),
(2531, 101, 203, 125),
(2531, 101, 203, 126),
(2532, 101, 203, 12),
(2532, 101, 203, 45),
(2533, 101, 203, 12),
(2533, 101, 203, 20),
(2533, 101, 203, 45),
(2534, 101, 203, 62),
(2534, 101, 203, 125),
(2535, 101, 203, 24),
(2535, 101, 203, 47),
(2535, 101, 203, 113),
(2536, 101, 203, 105),
(2536, 101, 203, 113),
(2537, 101, 203, 47),
(2537, 101, 203, 61),
(2537, 101, 203, 126),
(2538, 101, 204, 4),
(2538, 101, 204, 15),
(2538, 101, 204, 61),
(2539, 101, 204, 20),
(2539, 101, 204, 113),
(2540, 101, 204, 59),
(2540, 101, 204, 106),
(2541, 101, 204, 4),
(2541, 101, 204, 63),
(2542, 101, 204, 13),
(2542, 101, 204, 106),
(2543, 101, 204, 59),
(2543, 101, 204, 106),
(2544, 101, 204, 13),
(2544, 101, 204, 50),
(2544, 101, 204, 54),
(2544, 101, 204, 61),
(2544, 101, 204, 105),
(2544, 101, 204, 116),
(2545, 101, 204, 54),
(2545, 101, 204, 116),
(2546, 101, 204, 15),
(2546, 101, 204, 116),
(2547, 101, 204, 12),
(2547, 101, 204, 15),
(2548, 101, 204, 15),
(2548, 101, 204, 126),
(2549, 101, 204, 4),
(2549, 101, 204, 12),
(2549, 101, 204, 126),
(2550, 101, 205, 45),
(2550, 101, 205, 129),
(2551, 101, 205, 61),
(2551, 101, 205, 113),
(2552, 101, 205, 15),
(2552, 101, 205, 61),
(2553, 101, 205, 20),
(2553, 101, 205, 63),
(2554, 101, 205, 24),
(2554, 101, 205, 61),
(2554, 101, 205, 70),
(2555, 101, 205, 4),
(2555, 101, 205, 113),
(2556, 101, 205, 59),
(2556, 101, 205, 106),
(2557, 101, 205, 4),
(2557, 101, 205, 45),
(2557, 101, 205, 129),
(2558, 101, 205, 54),
(2558, 101, 205, 70),
(2559, 101, 205, 59),
(2559, 101, 205, 70),
(2559, 101, 205, 106),
(2560, 101, 205, 6),
(2560, 101, 205, 24),
(2560, 101, 205, 105),
(2560, 101, 205, 113),
(2560, 101, 205, 125),
(2561, 101, 205, 12),
(2561, 101, 205, 106),
(2562, 101, 205, 4),
(2562, 101, 205, 13),
(2563, 101, 205, 24),
(2563, 101, 205, 45),
(2564, 101, 206, 6),
(2564, 101, 206, 24),
(2565, 101, 206, 52),
(2565, 101, 206, 105),
(2566, 101, 206, 52),
(2566, 101, 206, 105),
(2567, 101, 206, 15),
(2567, 101, 206, 105),
(2568, 101, 206, 116),
(2568, 101, 206, 126),
(2568, 101, 206, 129),
(2569, 101, 206, 63),
(2569, 101, 206, 113),
(2570, 101, 206, 15),
(2570, 101, 206, 45),
(2570, 101, 206, 125),
(2570, 101, 206, 126),
(2571, 101, 206, 47),
(2571, 101, 206, 54),
(2571, 101, 206, 63),
(2572, 101, 206, 13),
(2572, 101, 206, 113),
(2573, 101, 206, 20),
(2573, 101, 206, 113),
(2574, 101, 206, 13),
(2574, 101, 206, 15),
(2574, 101, 206, 129),
(2575, 101, 206, 24),
(2575, 101, 206, 45),
(2576, 101, 206, 4),
(2576, 101, 206, 52),
(2577, 101, 206, 45),
(2577, 101, 206, 59),
(2578, 101, 207, 24),
(2578, 101, 207, 126),
(2579, 101, 207, 12),
(2579, 101, 207, 47),
(2579, 101, 207, 50),
(2580, 101, 207, 12),
(2580, 101, 207, 116),
(2581, 101, 207, 47),
(2581, 101, 207, 59),
(2581, 101, 207, 125),
(2582, 101, 207, 106),
(2582, 101, 207, 116),
(2583, 101, 207, 24),
(2583, 101, 207, 105),
(2583, 101, 207, 116),
(2584, 101, 207, 6),
(2584, 101, 207, 129),
(2585, 101, 207, 6),
(2585, 101, 207, 12),
(2585, 101, 207, 45),
(2586, 101, 207, 4),
(2586, 101, 207, 45),
(2586, 101, 207, 52),
(2586, 101, 207, 54),
(2586, 101, 207, 113),
(2587, 101, 207, 6),
(2588, 101, 207, 70),
(2589, 101, 207, 126),
(2590, 101, 207, 50),
(2590, 101, 207, 105),
(2591, 101, 208, 52),
(2591, 101, 208, 62),
(2592, 101, 208, 12),
(2592, 101, 208, 24),
(2593, 101, 208, 4),
(2593, 101, 208, 47),
(2593, 101, 208, 113),
(2594, 101, 208, 54),
(2594, 101, 208, 59),
(2595, 101, 208, 12),
(2595, 101, 208, 15),
(2595, 101, 208, 62),
(2596, 101, 208, 24),
(2596, 101, 208, 105),
(2597, 101, 208, 45),
(2597, 101, 208, 106),
(2598, 101, 208, 6),
(2598, 101, 208, 54),
(2598, 101, 208, 59),
(2598, 101, 208, 62),
(2598, 101, 208, 106),
(2599, 101, 208, 52),
(2599, 101, 208, 61),
(2600, 101, 208, 59),
(2600, 101, 208, 105),
(2600, 101, 208, 129),
(2601, 101, 208, 54),
(2601, 101, 208, 129),
(2602, 101, 208, 13),
(2602, 101, 208, 62),
(2603, 101, 208, 6),
(2603, 101, 208, 54),
(2604, 101, 209, 54),
(2604, 101, 209, 126),
(2605, 101, 209, 20),
(2605, 101, 209, 45),
(2606, 101, 209, 50),
(2606, 101, 209, 61),
(2606, 101, 209, 63),
(2607, 101, 209, 20),
(2607, 101, 209, 62),
(2607, 101, 209, 129),
(2608, 101, 209, 12),
(2608, 101, 209, 116),
(2609, 101, 209, 50),
(2609, 101, 209, 63),
(2609, 101, 209, 70),
(2610, 101, 209, 50),
(2610, 101, 209, 70),
(2610, 101, 209, 105),
(2610, 101, 209, 106),
(2610, 101, 209, 129),
(2611, 101, 209, 4),
(2611, 101, 209, 106),
(2611, 101, 209, 126),
(2612, 101, 209, 62),
(2612, 101, 209, 125),
(2613, 101, 209, 20),
(2613, 101, 209, 105),
(2614, 101, 209, 6),
(2614, 101, 209, 20),
(2614, 101, 209, 126),
(2615, 101, 209, 47),
(2615, 101, 209, 106),
(2616, 101, 209, 4),
(2616, 101, 209, 12),
(2616, 101, 209, 70),
(2617, 101, 210, 50),
(2617, 101, 210, 62),
(2618, 101, 210, 6),
(2618, 101, 210, 105),
(2619, 101, 210, 59),
(2619, 101, 210, 62),
(2620, 101, 210, 6),
(2620, 101, 210, 52),
(2620, 101, 210, 62),
(2621, 101, 210, 13),
(2621, 101, 210, 15),
(2621, 101, 210, 20),
(2622, 101, 210, 45),
(2622, 101, 210, 63),
(2623, 101, 210, 4),
(2623, 101, 210, 12),
(2624, 101, 210, 24),
(2624, 101, 210, 59),
(2624, 101, 210, 62),
(2624, 101, 210, 70),
(2624, 101, 210, 105),
(2624, 101, 210, 113),
(2625, 101, 210, 50),
(2625, 101, 210, 116),
(2626, 101, 210, 61),
(2626, 101, 210, 113),
(2627, 101, 210, 106),
(2627, 101, 210, 116),
(2628, 101, 210, 4),
(2628, 101, 210, 62),
(2628, 101, 210, 70),
(2629, 101, 210, 4),
(2629, 101, 210, 20),
(2629, 101, 210, 126),
(2630, 101, 210, 15),
(2630, 101, 210, 70),
(2631, 103, 211, 3),
(2631, 103, 211, 135),
(2631, 103, 211, 138),
(2632, 103, 211, 6),
(2632, 103, 211, 105),
(2633, 103, 211, 21),
(2633, 103, 211, 78),
(2634, 103, 211, 1),
(2634, 103, 211, 22),
(2634, 103, 211, 126),
(2635, 103, 211, 105),
(2635, 103, 211, 120),
(2636, 103, 211, 1),
(2636, 103, 211, 22),
(2636, 103, 211, 78),
(2636, 103, 211, 129),
(2636, 103, 211, 131),
(2636, 103, 211, 137),
(2637, 103, 211, 3),
(2637, 103, 211, 22),
(2638, 103, 211, 20),
(2638, 103, 211, 33),
(2639, 103, 211, 3),
(2639, 103, 211, 125),
(2639, 103, 211, 130),
(2640, 103, 211, 78),
(2640, 103, 211, 127),
(2641, 103, 211, 105),
(2641, 103, 211, 137),
(2642, 103, 211, 22),
(2642, 103, 211, 29),
(2642, 103, 211, 131),
(2643, 103, 212, 111),
(2643, 103, 212, 128),
(2644, 103, 212, 22),
(2644, 103, 212, 137),
(2645, 103, 212, 128),
(2645, 103, 212, 138),
(2646, 103, 212, 1),
(2646, 103, 212, 3),
(2647, 103, 212, 20),
(2647, 103, 212, 111),
(2647, 103, 212, 137),
(2648, 103, 212, 105),
(2648, 103, 212, 130),
(2649, 103, 212, 105),
(2649, 103, 212, 111),
(2649, 103, 212, 130),
(2649, 103, 212, 131),
(2650, 103, 212, 22),
(2650, 103, 212, 29),
(2650, 103, 212, 137),
(2651, 103, 212, 111),
(2651, 103, 212, 131),
(2652, 103, 212, 22),
(2652, 103, 212, 120),
(2653, 103, 212, 6),
(2653, 103, 212, 78),
(2653, 103, 212, 131),
(2654, 103, 212, 6),
(2654, 103, 212, 130),
(2655, 103, 212, 20),
(2655, 103, 212, 135),
(2656, 103, 213, 33),
(2656, 103, 213, 128),
(2657, 103, 213, 1),
(2657, 103, 213, 135),
(2657, 103, 213, 137),
(2658, 103, 213, 3),
(2658, 103, 213, 29),
(2659, 103, 213, 127),
(2659, 103, 213, 131),
(2660, 103, 213, 1),
(2660, 103, 213, 78),
(2660, 103, 213, 137),
(2661, 103, 213, 131),
(2661, 103, 213, 138),
(2662, 103, 213, 20),
(2662, 103, 213, 78),
(2663, 103, 213, 128),
(2663, 103, 213, 129),
(2663, 103, 213, 130),
(2664, 103, 213, 33),
(2664, 103, 213, 129),
(2665, 103, 213, 105),
(2665, 103, 213, 131),
(2666, 103, 213, 120),
(2666, 103, 213, 130),
(2666, 103, 213, 137),
(2666, 103, 213, 138),
(2667, 103, 213, 105),
(2667, 103, 213, 137),
(2668, 103, 213, 29),
(2668, 103, 213, 138),
(2669, 103, 213, 78),
(2669, 103, 213, 130),
(2670, 103, 214, 22),
(2670, 103, 214, 111),
(2671, 103, 214, 21),
(2671, 103, 214, 135),
(2672, 103, 214, 3),
(2672, 103, 214, 129),
(2672, 103, 214, 137),
(2673, 103, 214, 26),
(2674, 103, 214, 26),
(2674, 103, 214, 111),
(2675, 103, 214, 29),
(2675, 103, 214, 120),
(2675, 103, 214, 125),
(2675, 103, 214, 129),
(2675, 103, 214, 135),
(2675, 103, 214, 137),
(2676, 103, 214, 131),
(2677, 103, 214, 126),
(2677, 103, 214, 131),
(2678, 103, 214, 3),
(2678, 103, 214, 105),
(2679, 103, 214, 6),
(2679, 103, 214, 137),
(2680, 103, 214, 120),
(2680, 103, 214, 137),
(2680, 103, 214, 138),
(2681, 103, 214, 20),
(2681, 103, 214, 21),
(2682, 103, 215, 20),
(2682, 103, 215, 33),
(2683, 103, 215, 21),
(2683, 103, 215, 26),
(2683, 103, 215, 137),
(2684, 103, 215, 78),
(2684, 103, 215, 137),
(2685, 103, 215, 33),
(2685, 103, 215, 135),
(2686, 103, 215, 21),
(2686, 103, 215, 127),
(2686, 103, 215, 128),
(2687, 103, 215, 6),
(2687, 103, 215, 21),
(2688, 103, 215, 1),
(2688, 103, 215, 111),
(2688, 103, 215, 127),
(2689, 103, 215, 1),
(2689, 103, 215, 129),
(2689, 103, 215, 131),
(2690, 103, 215, 26),
(2690, 103, 215, 125),
(2690, 103, 215, 128),
(2690, 103, 215, 131),
(2690, 103, 215, 135),
(2691, 103, 215, 3),
(2691, 103, 215, 131),
(2692, 103, 215, 1),
(2692, 103, 215, 125),
(2692, 103, 215, 137),
(2693, 103, 215, 111),
(2693, 103, 215, 128),
(2694, 103, 215, 129),
(2694, 103, 215, 135),
(2695, 103, 216, 21),
(2695, 103, 216, 29),
(2695, 103, 216, 128),
(2696, 103, 216, 3),
(2696, 103, 216, 130),
(2697, 103, 216, 29),
(2697, 103, 216, 127),
(2698, 103, 216, 6),
(2698, 103, 216, 127),
(2699, 103, 216, 20),
(2699, 103, 216, 127),
(2700, 103, 216, 20),
(2700, 103, 216, 29),
(2700, 103, 216, 126),
(2700, 103, 216, 130),
(2700, 103, 216, 138),
(2701, 103, 216, 6),
(2701, 103, 216, 20),
(2702, 103, 216, 26),
(2702, 103, 216, 126),
(2703, 103, 216, 6),
(2703, 103, 216, 120),
(2704, 103, 216, 78),
(2704, 103, 216, 130),
(2704, 103, 216, 131),
(2705, 103, 216, 26),
(2705, 103, 216, 111),
(2706, 103, 216, 20),
(2706, 103, 216, 120),
(2707, 103, 216, 1),
(2707, 103, 216, 29),
(2708, 103, 216, 78),
(2708, 103, 216, 126),
(2709, 103, 216, 111),
(2709, 103, 216, 128),
(2710, 103, 217, 3),
(2710, 103, 217, 26),
(2711, 103, 217, 29),
(2711, 103, 217, 130),
(2712, 103, 217, 26),
(2712, 103, 217, 138),
(2713, 103, 217, 29),
(2713, 103, 217, 78),
(2714, 103, 217, 1),
(2714, 103, 217, 128),
(2715, 103, 217, 78),
(2716, 103, 217, 3),
(2716, 103, 217, 126),
(2717, 103, 217, 21),
(2717, 103, 217, 33),
(2718, 103, 217, 1),
(2718, 103, 217, 21),
(2718, 103, 217, 33),
(2718, 103, 217, 125),
(2718, 103, 217, 126),
(2719, 103, 217, 26),
(2719, 103, 217, 33),
(2719, 103, 217, 138),
(2720, 103, 217, 1),
(2720, 103, 217, 120),
(2721, 103, 217, 126),
(2722, 103, 217, 1),
(2722, 103, 217, 20),
(2723, 103, 217, 129),
(2723, 103, 217, 130),
(2724, 103, 218, 33),
(2724, 103, 218, 129),
(2725, 103, 218, 129),
(2725, 103, 218, 137),
(2726, 103, 218, 33),
(2726, 103, 218, 105),
(2726, 103, 218, 135),
(2727, 103, 218, 20),
(2727, 103, 218, 131),
(2728, 103, 218, 33),
(2728, 103, 218, 127),
(2728, 103, 218, 131),
(2729, 103, 218, 6),
(2729, 103, 218, 135),
(2730, 103, 218, 6),
(2730, 103, 218, 129),
(2730, 103, 218, 135),
(2731, 103, 218, 1),
(2731, 103, 218, 6),
(2731, 103, 218, 29),
(2732, 103, 218, 78),
(2732, 103, 218, 131),
(2733, 103, 218, 20),
(2733, 103, 218, 128),
(2733, 103, 218, 130),
(2734, 103, 218, 22),
(2734, 103, 218, 29),
(2735, 103, 218, 125),
(2735, 103, 218, 126),
(2735, 103, 218, 128),
(2736, 103, 219, 33),
(2736, 103, 219, 137),
(2736, 103, 219, 138),
(2737, 103, 219, 33),
(2737, 103, 219, 130),
(2737, 103, 219, 131),
(2738, 103, 219, 21),
(2738, 103, 219, 78),
(2739, 103, 219, 105),
(2740, 103, 219, 21),
(2740, 103, 219, 22),
(2741, 103, 219, 111),
(2741, 103, 219, 137),
(2742, 103, 219, 22),
(2742, 103, 219, 126),
(2743, 103, 219, 120),
(2743, 103, 219, 129),
(2744, 103, 219, 127),
(2744, 103, 219, 138),
(2745, 103, 219, 33),
(2745, 103, 219, 111),
(2746, 103, 219, 1),
(2746, 103, 219, 21),
(2746, 103, 219, 29),
(2746, 103, 219, 125),
(2746, 103, 219, 135),
(2747, 103, 219, 128),
(2747, 103, 219, 131),
(2748, 103, 219, 126),
(2748, 103, 219, 131),
(2749, 103, 220, 22),
(2749, 103, 220, 111),
(2750, 103, 220, 1),
(2750, 103, 220, 129),
(2751, 103, 220, 105),
(2751, 103, 220, 131),
(2752, 103, 220, 20),
(2752, 103, 220, 78),
(2752, 103, 220, 138),
(2753, 103, 220, 111),
(2753, 103, 220, 137),
(2754, 103, 220, 125),
(2754, 103, 220, 137),
(2755, 103, 220, 1),
(2755, 103, 220, 21),
(2755, 103, 220, 26),
(2755, 103, 220, 33),
(2756, 103, 220, 128),
(2756, 103, 220, 129),
(2757, 103, 220, 26),
(2757, 103, 220, 29),
(2758, 103, 220, 6),
(2758, 103, 220, 29),
(2759, 103, 220, 22),
(2759, 103, 220, 130),
(2760, 103, 220, 6),
(2760, 103, 220, 22),
(2760, 103, 220, 126),
(2761, 103, 220, 20),
(2761, 103, 220, 33),
(2761, 103, 220, 78),
(2762, 103, 220, 6),
(2762, 103, 220, 120),
(5001, 100, 300, 18),
(5001, 100, 300, 20),
(5001, 100, 300, 25),
(5002, 100, 301, 68),
(5002, 100, 301, 92),
(5002, 100, 301, 119),
(5003, 100, 302, 3),
(5003, 100, 302, 12),
(5003, 100, 302, 38),
(5004, 100, 303, 12),
(5004, 100, 303, 13),
(5004, 100, 303, 35),
(5005, 100, 304, 6),
(5005, 100, 304, 23),
(5005, 100, 304, 92),
(5006, 100, 305, 1),
(5006, 100, 305, 11),
(5006, 100, 305, 25),
(5007, 100, 306, 11),
(5007, 100, 306, 25),
(5007, 100, 306, 122),
(5008, 100, 307, 12),
(5008, 100, 307, 38),
(5008, 100, 307, 116),
(5009, 100, 308, 11),
(5009, 100, 308, 36),
(5009, 100, 308, 122),
(5010, 100, 309, 6),
(5010, 100, 309, 12),
(5010, 100, 309, 119),
(5011, 101, 400, 13),
(5011, 101, 400, 54),
(5011, 101, 400, 106),
(5012, 101, 401, 54),
(5012, 101, 401, 61),
(5012, 101, 401, 63),
(5013, 101, 402, 12),
(5013, 101, 402, 45),
(5013, 101, 402, 63),
(5014, 101, 403, 45),
(5014, 101, 403, 61),
(5014, 101, 403, 129),
(5015, 101, 404, 6),
(5015, 101, 404, 52),
(5015, 101, 404, 125),
(5016, 101, 405, 50),
(5016, 101, 405, 54),
(5016, 101, 405, 113),
(5017, 101, 406, 47),
(5017, 101, 406, 61),
(5017, 101, 406, 63),
(5018, 101, 407, 62),
(5018, 101, 407, 126),
(5018, 101, 407, 129),
(5019, 101, 408, 105),
(5019, 101, 408, 106),
(5019, 101, 408, 126),
(5020, 101, 409, 15),
(5020, 101, 409, 45),
(5020, 101, 409, 125),
(5021, 102, 500, 36),
(5021, 102, 500, 90),
(5021, 102, 500, 114),
(5022, 102, 501, 25),
(5022, 102, 501, 57),
(5022, 102, 501, 140),
(5023, 102, 502, 36),
(5023, 102, 502, 138),
(5023, 102, 502, 140),
(5024, 102, 503, 29),
(5024, 102, 503, 117),
(5024, 102, 503, 133),
(5025, 102, 504, 4),
(5025, 102, 504, 67),
(5025, 102, 504, 133),
(5026, 102, 505, 60),
(5026, 102, 505, 117),
(5026, 102, 505, 132),
(5027, 102, 506, 29),
(5027, 102, 506, 60),
(5027, 102, 506, 100),
(5028, 102, 507, 4),
(5028, 102, 507, 71),
(5028, 102, 507, 140),
(5029, 102, 508, 18),
(5029, 102, 508, 75),
(5029, 102, 508, 89),
(5030, 102, 509, 60),
(5030, 102, 509, 71),
(5030, 102, 509, 138),
(5031, 103, 600, 1),
(5031, 103, 600, 20),
(5031, 103, 600, 138),
(5032, 103, 601, 21),
(5032, 103, 601, 22),
(5032, 103, 601, 135),
(5033, 103, 602, 22),
(5033, 103, 602, 127),
(5033, 103, 602, 128),
(5034, 103, 603, 20),
(5034, 103, 603, 78),
(5034, 103, 603, 126),
(5035, 103, 604, 22),
(5035, 103, 604, 105),
(5035, 103, 604, 120),
(5036, 103, 605, 20),
(5036, 103, 605, 105),
(5036, 103, 605, 138),
(5037, 103, 606, 29),
(5037, 103, 606, 120),
(5037, 103, 606, 128),
(5038, 103, 607, 3),
(5038, 103, 607, 20),
(5038, 103, 607, 105),
(5039, 103, 608, 6),
(5039, 103, 608, 29),
(5039, 103, 608, 78),
(5040, 103, 609, 6),
(5040, 103, 609, 128),
(5040, 103, 609, 137),
(5041, 104, 700, 32),
(5041, 104, 700, 70),
(5041, 104, 700, 99),
(5042, 104, 701, 50),
(5042, 104, 701, 54),
(5042, 104, 701, 64),
(5043, 104, 702, 32),
(5043, 104, 702, 44),
(5043, 104, 702, 67),
(5044, 104, 703, 52),
(5044, 104, 703, 54),
(5044, 104, 703, 68),
(5045, 104, 704, 15),
(5045, 104, 704, 30),
(5045, 104, 704, 32),
(5046, 104, 705, 13),
(5046, 104, 705, 54),
(5046, 104, 705, 64),
(5047, 104, 706, 13),
(5047, 104, 706, 30),
(5047, 104, 706, 68),
(5048, 104, 707, 12),
(5048, 104, 707, 24),
(5048, 104, 707, 30),
(5049, 104, 708, 4),
(5049, 104, 708, 5),
(5049, 104, 708, 99),
(5050, 104, 709, 24),
(5050, 104, 709, 25),
(5050, 104, 709, 50),
(5051, 105, 800, 6),
(5051, 105, 800, 26),
(5051, 105, 800, 41),
(5052, 105, 801, 9),
(5052, 105, 801, 38),
(5052, 105, 801, 100),
(5053, 105, 802, 10),
(5053, 105, 802, 31),
(5053, 105, 802, 38),
(5054, 105, 803, 1),
(5054, 105, 803, 7),
(5054, 105, 803, 9),
(5055, 105, 804, 5),
(5055, 105, 804, 30),
(5055, 105, 804, 104),
(5056, 105, 805, 11),
(5056, 105, 805, 39),
(5056, 105, 805, 65),
(5057, 105, 806, 39),
(5057, 105, 806, 77),
(5057, 105, 806, 104),
(5058, 105, 807, 27),
(5058, 105, 807, 35),
(5058, 105, 807, 97),
(5059, 105, 808, 65),
(5059, 105, 808, 72),
(5059, 105, 808, 108),
(5060, 105, 809, 6),
(5060, 105, 809, 26),
(5060, 105, 809, 31),
(5061, 106, 900, 20),
(5061, 106, 900, 129),
(5061, 106, 900, 133),
(5062, 106, 901, 13),
(5062, 106, 901, 83),
(5062, 106, 901, 93),
(5063, 106, 902, 24),
(5063, 106, 902, 88),
(5063, 106, 902, 99),
(5064, 106, 903, 24),
(5064, 106, 903, 79),
(5064, 106, 903, 128),
(5065, 106, 904, 5),
(5065, 106, 904, 118),
(5065, 106, 904, 129),
(5066, 106, 905, 14),
(5066, 106, 905, 83),
(5066, 106, 905, 86),
(5067, 106, 906, 4),
(5067, 106, 906, 45),
(5067, 106, 906, 59),
(5068, 106, 907, 5),
(5068, 106, 907, 67),
(5068, 106, 907, 86),
(5069, 106, 908, 5),
(5069, 106, 908, 12),
(5069, 106, 908, 67),
(5070, 106, 909, 68),
(5070, 106, 909, 79),
(5070, 106, 909, 83),
(5071, 107, 1000, 12),
(5071, 107, 1000, 31),
(5071, 107, 1000, 116),
(5072, 107, 1001, 102),
(5072, 107, 1001, 116),
(5072, 107, 1001, 139),
(5073, 107, 1002, 14),
(5073, 107, 1002, 16),
(5073, 107, 1002, 36),
(5074, 107, 1003, 12),
(5074, 107, 1003, 36),
(5074, 107, 1003, 102),
(5075, 107, 1004, 43),
(5075, 107, 1004, 87),
(5075, 107, 1004, 121),
(5076, 107, 1005, 10),
(5076, 107, 1005, 29),
(5076, 107, 1005, 116),
(5077, 107, 1006, 9),
(5077, 107, 1006, 31),
(5077, 107, 1006, 122),
(5078, 107, 1007, 14),
(5078, 107, 1007, 116),
(5078, 107, 1007, 131),
(5079, 107, 1008, 16),
(5079, 107, 1008, 87),
(5079, 107, 1008, 121),
(5080, 107, 1009, 12),
(5080, 107, 1009, 14),
(5080, 107, 1009, 31),
(5081, 108, 1100, 23),
(5081, 108, 1100, 42),
(5081, 108, 1100, 68),
(5082, 108, 1101, 31),
(5082, 108, 1101, 74),
(5082, 108, 1101, 102),
(5083, 108, 1102, 23),
(5083, 108, 1102, 42),
(5083, 108, 1102, 92),
(5084, 108, 1103, 31),
(5084, 108, 1103, 42),
(5084, 108, 1103, 127),
(5085, 108, 1104, 31),
(5085, 108, 1104, 45),
(5085, 108, 1104, 97),
(5086, 108, 1105, 4),
(5086, 108, 1105, 41),
(5086, 108, 1105, 83),
(5087, 108, 1106, 15),
(5087, 108, 1106, 17),
(5087, 108, 1106, 38),
(5088, 108, 1107, 17),
(5088, 108, 1107, 76),
(5088, 108, 1107, 114),
(5089, 108, 1108, 106),
(5089, 108, 1108, 114),
(5089, 108, 1108, 133),
(5090, 108, 1109, 88),
(5090, 108, 1109, 90),
(5090, 108, 1109, 105),
(5091, 109, 1200, 31),
(5091, 109, 1200, 99),
(5091, 109, 1200, 122),
(5092, 109, 1201, 21),
(5092, 109, 1201, 65),
(5092, 109, 1201, 99),
(5093, 109, 1202, 31),
(5093, 109, 1202, 68),
(5093, 109, 1202, 115),
(5094, 109, 1203, 68),
(5094, 109, 1203, 84),
(5094, 109, 1203, 138),
(5095, 109, 1204, 84),
(5095, 109, 1204, 121),
(5095, 109, 1204, 129),
(5096, 109, 1205, 14),
(5096, 109, 1205, 65),
(5096, 109, 1205, 82),
(5097, 109, 1206, 80),
(5097, 109, 1206, 84),
(5097, 109, 1206, 99),
(5098, 109, 1207, 14),
(5098, 109, 1207, 99),
(5098, 109, 1207, 129),
(5099, 109, 1208, 31),
(5099, 109, 1208, 57),
(5099, 109, 1208, 99),
(5100, 109, 1209, 49),
(5100, 109, 1209, 121),
(5100, 109, 1209, 138),
(5101, 110, 1300, 18),
(5101, 110, 1300, 88),
(5101, 110, 1300, 107),
(5102, 110, 1301, 88),
(5102, 110, 1301, 94),
(5102, 110, 1301, 101),
(5103, 110, 1302, 8),
(5103, 110, 1302, 40),
(5103, 110, 1302, 127),
(5104, 110, 1303, 22),
(5104, 110, 1303, 94),
(5104, 110, 1303, 124),
(5105, 110, 1304, 40),
(5105, 110, 1304, 74),
(5105, 110, 1304, 101),
(5106, 110, 1305, 60),
(5106, 110, 1305, 124),
(5106, 110, 1305, 134),
(5107, 110, 1306, 58),
(5107, 110, 1306, 60),
(5107, 110, 1306, 74),
(5108, 110, 1307, 7),
(5108, 110, 1307, 83),
(5108, 110, 1307, 124),
(5109, 110, 1308, 32),
(5109, 110, 1308, 94),
(5109, 110, 1308, 124),
(5110, 110, 1309, 18),
(5110, 110, 1309, 43),
(5110, 110, 1309, 101),
(5111, 111, 1400, 15),
(5111, 111, 1400, 75),
(5111, 111, 1400, 123),
(5112, 111, 1401, 5),
(5112, 111, 1401, 15),
(5112, 111, 1401, 111),
(5113, 111, 1402, 5),
(5113, 111, 1402, 119),
(5113, 111, 1402, 124),
(5114, 111, 1403, 15),
(5114, 111, 1403, 93),
(5114, 111, 1403, 94),
(5115, 111, 1404, 56),
(5115, 111, 1404, 84),
(5115, 111, 1404, 114),
(5116, 111, 1405, 83),
(5116, 111, 1405, 99),
(5116, 111, 1405, 123),
(5117, 111, 1406, 6),
(5117, 111, 1406, 99),
(5117, 111, 1406, 116),
(5118, 111, 1407, 57),
(5118, 111, 1407, 96),
(5118, 111, 1407, 115),
(5119, 111, 1408, 2),
(5119, 111, 1408, 5),
(5119, 111, 1408, 80),
(5120, 111, 1409, 15),
(5120, 111, 1409, 84),
(5120, 111, 1409, 123),
(5121, 112, 1500, 45),
(5121, 112, 1500, 62),
(5121, 112, 1500, 75),
(5122, 112, 1501, 42),
(5122, 112, 1501, 59),
(5122, 112, 1501, 62),
(5123, 112, 1502, 51),
(5123, 112, 1502, 62),
(5123, 112, 1502, 74),
(5124, 112, 1503, 19),
(5124, 112, 1503, 45),
(5124, 112, 1503, 131),
(5125, 112, 1504, 42),
(5125, 112, 1504, 53),
(5125, 112, 1504, 59),
(5126, 112, 1505, 19),
(5126, 112, 1505, 51),
(5126, 112, 1505, 82),
(5127, 112, 1506, 62),
(5127, 112, 1506, 75),
(5127, 112, 1506, 111),
(5128, 112, 1507, 11),
(5128, 112, 1507, 42),
(5128, 112, 1507, 131),
(5129, 112, 1508, 59),
(5129, 112, 1508, 74),
(5129, 112, 1508, 75),
(5130, 112, 1509, 52),
(5130, 112, 1509, 74),
(5130, 112, 1509, 98),
(5131, 113, 1600, 11),
(5131, 113, 1600, 33),
(5131, 113, 1600, 60),
(5132, 113, 1601, 54),
(5132, 113, 1601, 63),
(5132, 113, 1601, 137),
(5133, 113, 1602, 92),
(5133, 113, 1602, 133),
(5133, 113, 1602, 137),
(5134, 113, 1603, 11),
(5134, 113, 1603, 12),
(5134, 113, 1603, 23),
(5135, 113, 1604, 8),
(5135, 113, 1604, 23),
(5135, 113, 1604, 54),
(5136, 113, 1605, 29),
(5136, 113, 1605, 54),
(5136, 113, 1605, 63),
(5137, 113, 1606, 33),
(5137, 113, 1606, 57),
(5137, 113, 1606, 60),
(5138, 113, 1607, 3),
(5138, 113, 1607, 12),
(5138, 113, 1607, 137),
(5139, 113, 1608, 33),
(5139, 113, 1608, 60),
(5139, 113, 1608, 92),
(5140, 113, 1609, 3),
(5140, 113, 1609, 57),
(5140, 113, 1609, 60),
(5141, 114, 1700, 72),
(5141, 114, 1700, 104),
(5141, 114, 1700, 129),
(5142, 114, 1701, 2),
(5142, 114, 1701, 26),
(5142, 114, 1701, 64),
(5142, 114, 1701, 79),
(5142, 114, 1701, 135),
(5143, 114, 1702, 26),
(5143, 114, 1702, 50),
(5143, 114, 1702, 64),
(5143, 114, 1702, 72),
(5143, 114, 1702, 89),
(5143, 114, 1702, 116),
(5144, 114, 1703, 5),
(5144, 114, 1703, 16),
(5144, 114, 1703, 36),
(5144, 114, 1703, 76),
(5144, 114, 1703, 86),
(5144, 114, 1703, 118),
(5145, 114, 1704, 19),
(5145, 114, 1704, 45),
(5145, 114, 1704, 88),
(5145, 114, 1704, 97),
(5145, 114, 1704, 105),
(5146, 114, 1705, 13),
(5146, 114, 1705, 28),
(5146, 114, 1705, 75),
(5146, 114, 1705, 89),
(5146, 114, 1705, 96),
(5146, 114, 1705, 135),
(5147, 114, 1706, 36),
(5147, 114, 1706, 39),
(5147, 114, 1706, 48),
(5147, 114, 1706, 88),
(5147, 114, 1706, 118),
(5147, 114, 1706, 135),
(5148, 114, 1707, 5),
(5148, 114, 1707, 13),
(5148, 114, 1707, 16),
(5148, 114, 1707, 19),
(5148, 114, 1707, 95),
(5148, 114, 1707, 96),
(5149, 114, 1708, 19),
(5149, 114, 1708, 28),
(5149, 114, 1708, 76),
(5149, 114, 1708, 105),
(5149, 114, 1708, 116),
(5149, 114, 1708, 138),
(5150, 114, 1709, 72),
(5150, 114, 1709, 75),
(5150, 114, 1709, 96),
(5151, 100, 300, 5),
(5151, 100, 300, 38),
(5151, 100, 300, 92),
(5152, 100, 301, 18),
(5152, 100, 301, 20),
(5152, 100, 301, 36),
(5153, 100, 302, 1),
(5153, 100, 302, 3),
(5153, 100, 302, 119),
(5154, 100, 303, 11),
(5154, 100, 303, 26),
(5154, 100, 303, 89),
(5155, 100, 304, 3),
(5155, 100, 304, 17),
(5155, 100, 304, 20),
(5156, 100, 305, 10),
(5156, 100, 305, 13),
(5156, 100, 305, 89),
(5157, 100, 306, 3),
(5157, 100, 306, 17),
(5157, 100, 306, 26),
(5158, 100, 307, 4),
(5158, 100, 307, 21),
(5158, 100, 307, 119),
(5159, 100, 308, 1),
(5159, 100, 308, 16),
(5159, 100, 308, 35),
(5160, 100, 309, 11),
(5160, 100, 309, 14),
(5160, 100, 309, 44),
(5161, 101, 400, 13),
(5161, 101, 400, 61),
(5161, 101, 400, 116),
(5162, 101, 401, 4),
(5162, 101, 401, 24),
(5162, 101, 401, 126),
(5163, 101, 402, 63),
(5163, 101, 402, 70),
(5163, 101, 402, 106),
(5164, 101, 403, 6),
(5164, 101, 403, 70),
(5164, 101, 403, 105),
(5165, 101, 404, 12),
(5165, 101, 404, 45),
(5165, 101, 404, 126),
(5166, 101, 405, 12),
(5166, 101, 405, 24),
(5166, 101, 405, 106),
(5167, 101, 406, 6),
(5167, 101, 406, 47),
(5167, 101, 406, 116),
(5168, 101, 407, 20),
(5168, 101, 407, 106),
(5168, 101, 407, 129),
(5169, 101, 408, 52),
(5169, 101, 408, 62),
(5169, 101, 408, 63),
(5170, 101, 409, 4),
(5170, 101, 409, 15),
(5170, 101, 409, 61),
(5171, 102, 500, 114),
(5171, 102, 500, 130),
(5171, 102, 500, 135),
(5172, 102, 501, 9),
(5172, 102, 501, 29),
(5172, 102, 501, 135),
(5173, 102, 502, 18),
(5173, 102, 502, 100),
(5173, 102, 502, 135),
(5174, 102, 503, 9),
(5174, 102, 503, 18),
(5174, 102, 503, 29),
(5175, 102, 504, 1),
(5175, 102, 504, 57),
(5175, 102, 504, 114),
(5176, 102, 505, 9),
(5176, 102, 505, 90),
(5176, 102, 505, 140),
(5177, 102, 506, 9),
(5177, 102, 506, 114),
(5177, 102, 506, 140),
(5178, 102, 507, 1),
(5178, 102, 507, 36),
(5178, 102, 507, 89),
(5179, 102, 508, 29),
(5179, 102, 508, 75),
(5179, 102, 508, 117),
(5180, 102, 509, 25),
(5180, 102, 509, 67),
(5180, 102, 509, 130),
(5181, 103, 600, 3),
(5181, 103, 600, 131),
(5181, 103, 600, 135),
(5182, 103, 601, 3),
(5182, 103, 601, 105),
(5182, 103, 601, 128),
(5183, 103, 602, 111),
(5183, 103, 602, 128),
(5183, 103, 602, 129),
(5184, 103, 603, 21),
(5184, 103, 603, 29),
(5184, 103, 603, 128),
(5185, 103, 604, 33),
(5185, 103, 604, 125),
(5185, 103, 604, 138),
(5186, 103, 605, 29),
(5186, 103, 605, 130),
(5186, 103, 605, 137),
(5187, 103, 606, 3),
(5187, 103, 606, 20),
(5187, 103, 606, 126),
(5188, 103, 607, 22),
(5188, 103, 607, 29),
(5188, 103, 607, 111),
(5189, 103, 608, 1),
(5189, 103, 608, 105),
(5189, 103, 608, 131),
(5190, 103, 609, 6),
(5190, 103, 609, 135),
(5190, 103, 609, 138),
(5191, 104, 700, 12),
(5191, 104, 700, 62),
(5191, 104, 700, 68),
(5192, 104, 701, 4),
(5192, 104, 701, 5),
(5192, 104, 701, 32),
(5193, 104, 702, 6),
(5193, 104, 702, 23),
(5193, 104, 702, 99),
(5194, 104, 703, 23),
(5194, 104, 703, 44),
(5194, 104, 703, 99),
(5195, 104, 704, 15),
(5195, 104, 704, 20),
(5195, 104, 704, 32),
(5196, 104, 705, 13),
(5196, 104, 705, 64),
(5196, 104, 705, 73),
(5197, 104, 706, 4),
(5197, 104, 706, 20),
(5197, 104, 706, 67),
(5198, 104, 707, 4),
(5198, 104, 707, 44),
(5198, 104, 707, 60),
(5199, 104, 708, 5),
(5199, 104, 708, 12),
(5199, 104, 708, 13),
(5200, 104, 709, 5),
(5200, 104, 709, 14),
(5200, 104, 709, 32),
(5201, 105, 800, 65),
(5201, 105, 800, 74),
(5201, 105, 800, 108),
(5202, 105, 801, 1),
(5202, 105, 801, 30),
(5202, 105, 801, 108),
(5203, 105, 802, 1),
(5203, 105, 802, 38),
(5203, 105, 802, 70),
(5204, 105, 803, 10),
(5204, 105, 803, 38),
(5204, 105, 803, 41),
(5205, 105, 804, 11),
(5205, 105, 804, 27),
(5205, 105, 804, 77),
(5206, 105, 805, 5),
(5206, 105, 805, 33),
(5206, 105, 805, 72),
(5207, 105, 806, 5),
(5207, 105, 806, 7),
(5207, 105, 806, 104),
(5208, 105, 807, 30),
(5208, 105, 807, 39),
(5208, 105, 807, 108),
(5209, 105, 808, 3),
(5209, 105, 808, 72),
(5209, 105, 808, 108),
(5210, 105, 809, 7),
(5210, 105, 809, 26),
(5210, 105, 809, 38),
(5211, 106, 900, 5),
(5211, 106, 900, 68),
(5211, 106, 900, 88),
(5212, 106, 901, 1),
(5212, 106, 901, 67),
(5212, 106, 901, 85),
(5213, 106, 902, 23),
(5213, 106, 902, 59),
(5213, 106, 902, 129),
(5214, 106, 903, 4),
(5214, 106, 903, 23),
(5214, 106, 903, 45),
(5215, 106, 904, 14),
(5215, 106, 904, 20),
(5215, 106, 904, 45),
(5216, 106, 905, 5),
(5216, 106, 905, 20),
(5216, 106, 905, 46),
(5217, 106, 906, 24),
(5217, 106, 906, 93),
(5217, 106, 906, 128),
(5218, 106, 907, 46),
(5218, 106, 907, 67),
(5218, 106, 907, 83),
(5219, 106, 908, 5),
(5219, 106, 908, 33),
(5219, 106, 908, 133),
(5220, 106, 909, 24),
(5220, 106, 909, 86),
(5220, 106, 909, 99),
(5221, 107, 1000, 14),
(5221, 107, 1000, 43),
(5221, 107, 1000, 133),
(5222, 107, 1001, 87),
(5222, 107, 1001, 102),
(5222, 107, 1001, 131),
(5223, 107, 1002, 17),
(5223, 107, 1002, 43),
(5223, 107, 1002, 122),
(5224, 107, 1003, 12),
(5224, 107, 1003, 113),
(5224, 107, 1003, 121),
(5225, 107, 1004, 12),
(5225, 107, 1004, 115),
(5225, 107, 1004, 122),
(5226, 107, 1005, 9),
(5226, 107, 1005, 17),
(5226, 107, 1005, 122),
(5227, 107, 1006, 12),
(5227, 107, 1006, 65),
(5227, 107, 1006, 131),
(5228, 107, 1007, 16),
(5228, 107, 1007, 115),
(5228, 107, 1007, 122),
(5229, 107, 1008, 12),
(5229, 107, 1008, 30),
(5229, 107, 1008, 31),
(5230, 107, 1009, 1),
(5230, 107, 1009, 16),
(5230, 107, 1009, 116),
(5231, 108, 1100, 74),
(5231, 108, 1100, 127),
(5231, 108, 1100, 137),
(5232, 108, 1101, 6),
(5232, 108, 1101, 66),
(5232, 108, 1101, 88),
(5233, 108, 1102, 28),
(5233, 108, 1102, 88),
(5233, 108, 1102, 140),
(5234, 108, 1103, 66),
(5234, 108, 1103, 88),
(5234, 108, 1103, 137),
(5235, 108, 1104, 21),
(5235, 108, 1104, 61),
(5235, 108, 1104, 87),
(5236, 108, 1105, 4),
(5236, 108, 1105, 45),
(5236, 108, 1105, 68),
(5237, 108, 1106, 39),
(5237, 108, 1106, 116),
(5237, 108, 1106, 127),
(5238, 108, 1107, 87),
(5238, 108, 1107, 114),
(5238, 108, 1107, 137),
(5239, 108, 1108, 21),
(5239, 108, 1108, 39),
(5239, 108, 1108, 116),
(5240, 108, 1109, 34),
(5240, 108, 1109, 83),
(5240, 108, 1109, 90),
(5241, 109, 1200, 34),
(5241, 109, 1200, 80),
(5241, 109, 1200, 113),
(5242, 109, 1201, 1),
(5242, 109, 1201, 80),
(5242, 109, 1201, 113),
(5243, 109, 1202, 115),
(5243, 109, 1202, 121),
(5243, 109, 1202, 132),
(5244, 109, 1203, 21),
(5244, 109, 1203, 68),
(5244, 109, 1203, 82),
(5245, 109, 1204, 1),
(5245, 109, 1204, 65),
(5245, 109, 1204, 138),
(5246, 109, 1205, 15),
(5246, 109, 1205, 99),
(5246, 109, 1205, 115),
(5247, 109, 1206, 48),
(5247, 109, 1206, 97),
(5247, 109, 1206, 115),
(5248, 109, 1207, 23),
(5248, 109, 1207, 82),
(5248, 109, 1207, 132),
(5249, 109, 1208, 21),
(5249, 109, 1208, 57),
(5249, 109, 1208, 65),
(5250, 109, 1209, 22),
(5250, 109, 1209, 23),
(5250, 109, 1209, 57),
(5251, 110, 1300, 22),
(5251, 110, 1300, 42),
(5251, 110, 1300, 88),
(5252, 110, 1301, 32),
(5252, 110, 1301, 123),
(5252, 110, 1301, 127),
(5253, 110, 1302, 12),
(5253, 110, 1302, 30),
(5253, 110, 1302, 134),
(5254, 110, 1303, 20),
(5254, 110, 1303, 44),
(5254, 110, 1303, 118),
(5255, 110, 1304, 40),
(5255, 110, 1304, 43),
(5255, 110, 1304, 60),
(5256, 110, 1305, 22),
(5256, 110, 1305, 94),
(5256, 110, 1305, 134),
(5257, 110, 1306, 30),
(5257, 110, 1306, 42),
(5257, 110, 1306, 107),
(5258, 110, 1307, 40),
(5258, 110, 1307, 88),
(5258, 110, 1307, 101),
(5259, 110, 1308, 88),
(5259, 110, 1308, 124),
(5259, 110, 1308, 127),
(5260, 110, 1309, 37),
(5260, 110, 1309, 60),
(5260, 110, 1309, 107),
(5261, 111, 1400, 93),
(5261, 111, 1400, 119),
(5261, 111, 1400, 124),
(5262, 111, 1401, 21),
(5262, 111, 1401, 83),
(5262, 111, 1401, 115),
(5263, 111, 1402, 75),
(5263, 111, 1402, 82),
(5263, 111, 1402, 95),
(5264, 111, 1403, 39),
(5264, 111, 1403, 56),
(5264, 111, 1403, 111),
(5265, 111, 1404, 82),
(5265, 111, 1404, 83),
(5265, 111, 1404, 93),
(5266, 111, 1405, 83),
(5266, 111, 1405, 96),
(5266, 111, 1405, 98),
(5267, 111, 1406, 80),
(5267, 111, 1406, 98),
(5267, 111, 1406, 114),
(5268, 111, 1407, 83),
(5268, 111, 1407, 96),
(5268, 111, 1407, 98),
(5269, 111, 1408, 4),
(5269, 111, 1408, 116),
(5269, 111, 1408, 123),
(5270, 111, 1409, 2),
(5270, 111, 1409, 6),
(5270, 111, 1409, 57),
(5271, 112, 1500, 11),
(5271, 112, 1500, 42),
(5271, 112, 1500, 68),
(5272, 112, 1501, 6),
(5272, 112, 1501, 52),
(5272, 112, 1501, 131),
(5273, 112, 1502, 42),
(5273, 112, 1502, 52),
(5274, 112, 1503, 51),
(5274, 112, 1503, 59),
(5274, 112, 1503, 131),
(5275, 112, 1504, 45),
(5275, 112, 1504, 82),
(5275, 112, 1504, 100),
(5276, 112, 1505, 59),
(5276, 112, 1505, 68),
(5276, 112, 1505, 111),
(5277, 112, 1506, 45),
(5277, 112, 1506, 51),
(5277, 112, 1506, 53),
(5278, 112, 1507, 19),
(5278, 112, 1507, 42),
(5278, 112, 1507, 82),
(5279, 112, 1508, 38),
(5279, 112, 1508, 42),
(5279, 112, 1508, 45),
(5280, 112, 1509, 52),
(5280, 112, 1509, 82),
(5280, 112, 1509, 100),
(5281, 113, 1600, 12),
(5281, 113, 1600, 133),
(5281, 113, 1600, 137),
(5282, 113, 1601, 35),
(5282, 113, 1601, 54),
(5282, 113, 1601, 133),
(5283, 113, 1602, 54),
(5283, 113, 1602, 60),
(5283, 113, 1602, 63),
(5284, 113, 1603, 8),
(5284, 113, 1603, 35),
(5284, 113, 1603, 83),
(5285, 113, 1604, 35),
(5285, 113, 1604, 92),
(5285, 113, 1604, 130),
(5286, 113, 1605, 8),
(5286, 113, 1605, 11),
(5286, 113, 1605, 12),
(5287, 113, 1606, 57),
(5287, 113, 1606, 60),
(5287, 113, 1606, 130),
(5288, 113, 1607, 60),
(5288, 113, 1607, 130),
(5288, 113, 1607, 133),
(5289, 113, 1608, 3),
(5289, 113, 1608, 60),
(5289, 113, 1608, 79),
(5290, 113, 1609, 12),
(5290, 113, 1609, 29),
(5290, 113, 1609, 57),
(5291, 114, 1700, 64),
(5291, 114, 1700, 96),
(5291, 114, 1700, 138),
(5292, 114, 1701, 2),
(5292, 114, 1701, 16),
(5292, 114, 1701, 86),
(5292, 114, 1701, 95),
(5292, 114, 1701, 96),
(5292, 114, 1701, 138),
(5293, 114, 1702, 28),
(5293, 114, 1702, 50),
(5293, 114, 1702, 86),
(5293, 114, 1702, 97),
(5293, 114, 1702, 98),
(5293, 114, 1702, 135),
(5294, 114, 1703, 58),
(5294, 114, 1703, 79),
(5294, 114, 1703, 88),
(5294, 114, 1703, 98),
(5294, 114, 1703, 99),
(5294, 114, 1703, 105),
(5295, 114, 1704, 13),
(5295, 114, 1704, 50),
(5295, 114, 1704, 58),
(5295, 114, 1704, 72),
(5295, 114, 1704, 79),
(5295, 114, 1704, 105),
(5296, 114, 1705, 2),
(5296, 114, 1705, 19),
(5296, 114, 1705, 26),
(5296, 114, 1705, 39),
(5296, 114, 1705, 97),
(5296, 114, 1705, 105),
(5297, 114, 1706, 19),
(5297, 114, 1706, 26),
(5297, 114, 1706, 45),
(5297, 114, 1706, 76),
(5297, 114, 1706, 97),
(5297, 114, 1706, 105),
(5298, 114, 1707, 16),
(5298, 114, 1707, 64),
(5298, 114, 1707, 76),
(5298, 114, 1707, 86),
(5298, 114, 1707, 116),
(5298, 114, 1707, 135),
(5299, 114, 1708, 5),
(5299, 114, 1708, 48),
(5299, 114, 1708, 64),
(5299, 114, 1708, 75),
(5299, 114, 1708, 86),
(5299, 114, 1708, 104),
(5300, 114, 1709, 13),
(5300, 114, 1709, 75),
(5300, 114, 1709, 88),
(5300, 114, 1709, 95),
(5300, 114, 1709, 96),
(5300, 114, 1709, 105),
(5301, 100, 300, 18),
(5301, 100, 300, 20),
(5301, 100, 300, 116),
(5302, 100, 301, 17),
(5302, 100, 301, 35),
(5302, 100, 301, 38),
(5303, 100, 302, 5),
(5303, 100, 302, 12),
(5303, 100, 302, 116),
(5304, 100, 303, 11),
(5304, 100, 303, 14),
(5304, 100, 303, 119),
(5305, 100, 304, 28),
(5305, 100, 304, 35),
(5305, 100, 304, 44),
(5306, 100, 305, 14),
(5306, 100, 305, 16),
(5306, 100, 305, 116),
(5307, 100, 306, 14),
(5307, 100, 306, 25),
(5307, 100, 306, 116),
(5308, 100, 307, 38),
(5308, 100, 307, 89),
(5308, 100, 307, 122),
(5309, 100, 308, 11),
(5309, 100, 308, 26),
(5309, 100, 308, 92),
(5310, 100, 309, 12),
(5310, 100, 309, 16),
(5310, 100, 309, 23),
(5311, 101, 400, 45),
(5311, 101, 400, 52),
(5311, 101, 400, 54),
(5312, 101, 401, 13),
(5312, 101, 401, 15),
(5312, 101, 401, 106),
(5313, 101, 402, 4),
(5313, 101, 402, 45),
(5313, 101, 402, 54),
(5314, 101, 403, 20),
(5314, 101, 403, 47),
(5314, 101, 403, 59),
(5315, 101, 404, 4),
(5315, 101, 404, 50),
(5315, 101, 404, 59),
(5316, 101, 405, 15),
(5316, 101, 405, 105),
(5316, 101, 405, 125),
(5317, 101, 406, 50),
(5317, 101, 406, 52),
(5317, 101, 406, 106),
(5318, 101, 407, 105),
(5318, 101, 407, 116),
(5318, 101, 407, 126),
(5319, 101, 408, 63),
(5319, 101, 408, 116),
(5319, 101, 408, 125),
(5320, 101, 409, 12),
(5320, 101, 409, 105),
(5320, 101, 409, 125),
(5321, 102, 500, 25),
(5321, 102, 500, 71),
(5321, 102, 500, 100),
(5322, 102, 501, 1),
(5322, 102, 501, 18),
(5322, 102, 501, 130),
(5323, 102, 502, 18),
(5323, 102, 502, 75),
(5323, 102, 502, 133),
(5324, 102, 503, 1),
(5324, 102, 503, 89),
(5324, 102, 503, 117),
(5325, 102, 504, 18),
(5325, 102, 504, 60),
(5325, 102, 504, 135),
(5326, 102, 505, 1),
(5326, 102, 505, 9),
(5326, 102, 505, 132),
(5327, 102, 506, 57),
(5327, 102, 506, 67),
(5327, 102, 506, 140),
(5328, 102, 507, 18),
(5328, 102, 507, 71),
(5328, 102, 507, 100),
(5329, 102, 508, 60),
(5329, 102, 508, 71),
(5329, 102, 508, 100),
(5330, 102, 509, 60),
(5330, 102, 509, 75),
(5330, 102, 509, 135),
(5331, 103, 600, 3),
(5331, 103, 600, 111),
(5331, 103, 600, 126),
(5332, 103, 601, 1),
(5332, 103, 601, 6),
(5332, 103, 601, 127),
(5333, 103, 602, 22),
(5333, 103, 602, 125),
(5333, 103, 602, 131),
(5334, 103, 603, 3),
(5334, 103, 603, 21),
(5334, 103, 603, 22),
(5335, 103, 604, 20),
(5335, 103, 604, 26),
(5335, 103, 604, 29),
(5336, 103, 605, 20),
(5336, 103, 605, 78),
(5336, 103, 605, 126),
(5337, 103, 606, 6),
(5337, 103, 606, 21),
(5337, 103, 606, 126),
(5338, 103, 607, 1),
(5338, 103, 607, 26),
(5338, 103, 607, 120),
(5339, 103, 608, 22),
(5339, 103, 608, 120),
(5339, 103, 608, 127),
(5340, 103, 609, 21),
(5340, 103, 609, 111),
(5340, 103, 609, 128),
(5341, 104, 700, 30),
(5341, 104, 700, 50),
(5341, 104, 700, 70),
(5342, 104, 701, 12),
(5342, 104, 701, 15),
(5342, 104, 701, 73),
(5343, 104, 702, 15),
(5343, 104, 702, 50),
(5343, 104, 702, 73),
(5344, 104, 703, 30),
(5344, 104, 703, 44),
(5344, 104, 703, 70),
(5345, 104, 704, 5),
(5345, 104, 704, 44),
(5345, 104, 704, 99),
(5346, 104, 705, 15),
(5346, 104, 705, 50),
(5346, 104, 705, 99),
(5347, 104, 706, 14),
(5347, 104, 706, 15),
(5347, 104, 706, 61),
(5348, 104, 707, 6),
(5348, 104, 707, 13),
(5348, 104, 707, 15),
(5349, 104, 708, 12),
(5349, 104, 708, 52),
(5349, 104, 708, 67),
(5350, 104, 709, 5),
(5350, 104, 709, 52),
(5350, 104, 709, 62),
(5351, 105, 800, 3),
(5351, 105, 800, 39),
(5351, 105, 800, 58),
(5352, 105, 801, 12),
(5352, 105, 801, 33),
(5352, 105, 801, 104),
(5353, 105, 802, 6),
(5353, 105, 802, 35),
(5353, 105, 802, 74),
(5354, 105, 803, 3),
(5354, 105, 803, 27),
(5354, 105, 803, 35),
(5355, 105, 804, 3),
(5355, 105, 804, 9),
(5355, 105, 804, 31),
(5356, 105, 805, 15),
(5356, 105, 805, 27),
(5356, 105, 805, 30),
(5357, 105, 806, 6),
(5357, 105, 806, 26),
(5357, 105, 806, 35),
(5358, 105, 807, 27),
(5358, 105, 807, 65),
(5358, 105, 807, 72),
(5359, 105, 808, 33),
(5359, 105, 808, 74),
(5359, 105, 808, 97),
(5360, 105, 809, 38),
(5360, 105, 809, 39),
(5360, 105, 809, 77),
(5361, 106, 900, 5),
(5361, 106, 900, 68),
(5361, 106, 900, 128),
(5362, 106, 901, 23),
(5362, 106, 901, 24),
(5362, 106, 901, 33),
(5363, 106, 902, 67),
(5363, 106, 902, 85),
(5363, 106, 902, 99),
(5364, 106, 903, 24),
(5364, 106, 903, 33),
(5364, 106, 903, 59),
(5365, 106, 904, 33),
(5365, 106, 904, 99),
(5365, 106, 904, 129),
(5366, 106, 905, 59),
(5366, 106, 905, 88),
(5366, 106, 905, 99),
(5367, 106, 906, 12),
(5367, 106, 906, 85),
(5367, 106, 906, 128),
(5368, 106, 907, 14),
(5368, 106, 907, 24),
(5368, 106, 907, 133),
(5369, 106, 908, 4),
(5369, 106, 908, 24),
(5369, 106, 908, 67),
(5370, 106, 909, 20),
(5370, 106, 909, 67),
(5370, 106, 909, 79),
(5371, 107, 1000, 31),
(5371, 107, 1000, 36),
(5371, 107, 1000, 43),
(5372, 107, 1001, 16),
(5372, 107, 1001, 17),
(5372, 107, 1001, 87),
(5373, 107, 1002, 1),
(5373, 107, 1002, 100),
(5373, 107, 1002, 113),
(5374, 107, 1003, 36),
(5374, 107, 1003, 43),
(5374, 107, 1003, 133),
(5375, 107, 1004, 14),
(5375, 107, 1004, 87),
(5375, 107, 1004, 116),
(5376, 107, 1005, 11),
(5376, 107, 1005, 29),
(5376, 107, 1005, 116),
(5377, 107, 1006, 1),
(5377, 107, 1006, 29),
(5377, 107, 1006, 121),
(5378, 107, 1007, 10),
(5378, 107, 1007, 87),
(5378, 107, 1007, 100),
(5379, 107, 1008, 12),
(5379, 107, 1008, 16),
(5379, 107, 1008, 122),
(5380, 107, 1009, 29),
(5380, 107, 1009, 115),
(5380, 107, 1009, 133),
(5381, 108, 1100, 38),
(5381, 108, 1100, 105),
(5381, 108, 1100, 116),
(5382, 108, 1101, 76),
(5382, 108, 1101, 87),
(5382, 108, 1101, 105),
(5383, 108, 1102, 6),
(5383, 108, 1102, 15),
(5383, 108, 1102, 106),
(5384, 108, 1103, 17),
(5384, 108, 1103, 39),
(5384, 108, 1103, 68),
(5385, 108, 1104, 39),
(5385, 108, 1104, 90),
(5385, 108, 1104, 105),
(5386, 108, 1105, 4),
(5386, 108, 1105, 97),
(5386, 108, 1105, 105),
(5387, 108, 1106, 74),
(5387, 108, 1106, 109),
(5387, 108, 1106, 140),
(5388, 108, 1107, 41),
(5388, 108, 1107, 61),
(5388, 108, 1107, 87),
(5389, 108, 1108, 17),
(5389, 108, 1108, 34),
(5389, 108, 1108, 39),
(5390, 108, 1109, 34),
(5390, 108, 1109, 61),
(5390, 108, 1109, 140),
(5391, 109, 1200, 117),
(5391, 109, 1200, 122),
(5391, 109, 1200, 138),
(5392, 109, 1201, 21),
(5392, 109, 1201, 31),
(5392, 109, 1201, 84),
(5393, 109, 1202, 65),
(5393, 109, 1202, 82),
(5393, 109, 1202, 132),
(5394, 109, 1203, 14),
(5394, 109, 1203, 34),
(5394, 109, 1203, 65),
(5395, 109, 1204, 15),
(5395, 109, 1204, 23),
(5395, 109, 1204, 117),
(5396, 109, 1205, 97),
(5396, 109, 1205, 113),
(5396, 109, 1205, 115),
(5397, 109, 1206, 57),
(5397, 109, 1206, 132),
(5397, 109, 1206, 138),
(5398, 109, 1207, 68),
(5398, 109, 1207, 97),
(5398, 109, 1207, 103),
(5399, 109, 1208, 1),
(5399, 109, 1208, 113),
(5399, 109, 1208, 115),
(5400, 109, 1209, 82);
INSERT INTO `orders_test_2` (`order_id`, `store_id`, `customer_id`, `product_id`) VALUES
(5400, 109, 1209, 102),
(5400, 109, 1209, 113),
(5401, 110, 1300, 13),
(5401, 110, 1300, 123),
(5401, 110, 1300, 124),
(5402, 110, 1301, 32),
(5402, 110, 1301, 74),
(5402, 110, 1301, 88),
(5403, 110, 1302, 12),
(5403, 110, 1302, 30),
(5403, 110, 1302, 37),
(5404, 110, 1303, 18),
(5404, 110, 1303, 20),
(5404, 110, 1303, 40),
(5405, 110, 1304, 60),
(5405, 110, 1304, 94),
(5405, 110, 1304, 118),
(5406, 110, 1305, 32),
(5406, 110, 1305, 44),
(5406, 110, 1305, 134),
(5407, 110, 1306, 32),
(5407, 110, 1306, 83),
(5407, 110, 1306, 127),
(5408, 110, 1307, 22),
(5408, 110, 1307, 32),
(5408, 110, 1307, 94),
(5409, 110, 1308, 58),
(5409, 110, 1308, 107),
(5409, 110, 1308, 123),
(5410, 110, 1309, 7),
(5410, 110, 1309, 13),
(5410, 110, 1309, 107),
(5411, 111, 1400, 39),
(5411, 111, 1400, 80),
(5411, 111, 1400, 115),
(5412, 111, 1401, 56),
(5412, 111, 1401, 83),
(5412, 111, 1401, 99),
(5413, 111, 1402, 75),
(5413, 111, 1402, 82),
(5413, 111, 1402, 114),
(5414, 111, 1403, 6),
(5414, 111, 1403, 57),
(5414, 111, 1403, 99),
(5415, 111, 1404, 39),
(5415, 111, 1404, 96),
(5415, 111, 1404, 116),
(5416, 111, 1405, 5),
(5416, 111, 1405, 43),
(5416, 111, 1405, 119),
(5417, 111, 1406, 5),
(5417, 111, 1406, 6),
(5417, 111, 1406, 119),
(5418, 111, 1407, 39),
(5418, 111, 1407, 83),
(5418, 111, 1407, 94),
(5419, 111, 1408, 56),
(5419, 111, 1408, 75),
(5419, 111, 1408, 123),
(5420, 111, 1409, 15),
(5420, 111, 1409, 80),
(5420, 111, 1409, 116),
(5421, 112, 1500, 19),
(5421, 112, 1500, 53),
(5421, 112, 1500, 98),
(5422, 112, 1501, 6),
(5422, 112, 1501, 59),
(5422, 112, 1501, 111),
(5423, 112, 1502, 52),
(5423, 112, 1502, 82),
(5423, 112, 1502, 100),
(5424, 112, 1503, 52),
(5424, 112, 1503, 74),
(5424, 112, 1503, 75),
(5425, 112, 1504, 52),
(5425, 112, 1504, 75),
(5425, 112, 1504, 82),
(5426, 112, 1505, 42),
(5426, 112, 1505, 68),
(5426, 112, 1505, 111),
(5427, 112, 1506, 62),
(5427, 112, 1506, 98),
(5427, 112, 1506, 111),
(5428, 112, 1507, 75),
(5428, 112, 1507, 82),
(5428, 112, 1507, 111),
(5429, 112, 1508, 62),
(5429, 112, 1508, 68),
(5429, 112, 1508, 131),
(5430, 112, 1509, 42),
(5430, 112, 1509, 98),
(5430, 112, 1509, 131),
(5431, 113, 1600, 12),
(5431, 113, 1600, 29),
(5431, 113, 1600, 122),
(5432, 113, 1601, 29),
(5432, 113, 1601, 35),
(5432, 113, 1601, 83),
(5433, 113, 1602, 3),
(5433, 113, 1602, 29),
(5433, 113, 1602, 60),
(5434, 113, 1603, 12),
(5434, 113, 1603, 29),
(5434, 113, 1603, 122),
(5435, 113, 1604, 11),
(5435, 113, 1604, 54),
(5435, 113, 1604, 60),
(5436, 113, 1605, 11),
(5436, 113, 1605, 79),
(5436, 113, 1605, 83),
(5437, 113, 1606, 54),
(5437, 113, 1606, 60),
(5437, 113, 1606, 133),
(5438, 113, 1607, 33),
(5438, 113, 1607, 79),
(5438, 113, 1607, 122),
(5439, 113, 1608, 11),
(5439, 113, 1608, 33),
(5439, 113, 1608, 133),
(5440, 113, 1609, 23),
(5440, 113, 1609, 57),
(5440, 113, 1609, 83),
(5441, 114, 1700, 97),
(5441, 114, 1700, 118),
(5441, 114, 1700, 129),
(5442, 114, 1701, 2),
(5442, 114, 1701, 5),
(5442, 114, 1701, 13),
(5442, 114, 1701, 56),
(5442, 114, 1701, 98),
(5442, 114, 1701, 135),
(5443, 114, 1702, 2),
(5443, 114, 1702, 26),
(5443, 114, 1702, 28),
(5443, 114, 1702, 72),
(5443, 114, 1702, 99),
(5443, 114, 1702, 116),
(5444, 114, 1703, 2),
(5444, 114, 1703, 50),
(5444, 114, 1703, 64),
(5444, 114, 1703, 76),
(5444, 114, 1703, 97),
(5444, 114, 1703, 138),
(5445, 114, 1704, 2),
(5445, 114, 1704, 50),
(5445, 114, 1704, 58),
(5445, 114, 1704, 64),
(5445, 114, 1704, 72),
(5445, 114, 1704, 75),
(5446, 114, 1705, 5),
(5446, 114, 1705, 19),
(5446, 114, 1705, 26),
(5446, 114, 1705, 72),
(5446, 114, 1705, 95),
(5446, 114, 1705, 120),
(5447, 114, 1706, 2),
(5447, 114, 1706, 45),
(5447, 114, 1706, 58),
(5447, 114, 1706, 64),
(5447, 114, 1706, 72),
(5448, 114, 1707, 13),
(5448, 114, 1707, 16),
(5448, 114, 1707, 19),
(5448, 114, 1707, 45),
(5448, 114, 1707, 96),
(5448, 114, 1707, 104),
(5449, 114, 1708, 13),
(5449, 114, 1708, 72),
(5449, 114, 1708, 89),
(5449, 114, 1708, 98),
(5449, 114, 1708, 135),
(5449, 114, 1708, 138),
(5450, 114, 1709, 5),
(5450, 114, 1709, 36),
(5450, 114, 1709, 89),
(5450, 114, 1709, 97),
(5450, 114, 1709, 99),
(5450, 114, 1709, 105),
(5451, 100, 300, 21),
(5451, 100, 300, 89),
(5451, 100, 300, 116),
(5452, 100, 301, 15),
(5452, 100, 301, 34),
(5452, 100, 301, 92),
(5453, 100, 302, 5),
(5453, 100, 302, 23),
(5453, 100, 302, 25),
(5454, 100, 303, 6),
(5454, 100, 303, 44),
(5454, 100, 303, 122),
(5455, 100, 304, 1),
(5455, 100, 304, 5),
(5455, 100, 304, 119),
(5456, 100, 305, 3),
(5456, 100, 305, 10),
(5456, 100, 305, 16),
(5457, 100, 306, 5),
(5457, 100, 306, 23),
(5457, 100, 306, 38),
(5458, 100, 307, 13),
(5458, 100, 307, 38),
(5458, 100, 307, 44),
(5459, 100, 308, 10),
(5459, 100, 308, 17),
(5459, 100, 308, 23),
(5460, 100, 309, 18),
(5460, 100, 309, 26),
(5460, 100, 309, 44),
(5461, 101, 400, 6),
(5461, 101, 400, 54),
(5461, 101, 400, 61),
(5462, 101, 401, 63),
(5462, 101, 401, 116),
(5462, 101, 401, 129),
(5463, 101, 402, 6),
(5463, 101, 402, 15),
(5463, 101, 402, 129),
(5464, 101, 403, 12),
(5464, 101, 403, 24),
(5464, 101, 403, 52),
(5465, 101, 404, 6),
(5465, 101, 404, 52),
(5465, 101, 404, 113),
(5466, 101, 405, 20),
(5466, 101, 405, 45),
(5466, 101, 405, 62),
(5467, 101, 406, 12),
(5467, 101, 406, 113),
(5467, 101, 406, 125),
(5468, 101, 407, 4),
(5468, 101, 407, 47),
(5468, 101, 407, 105),
(5469, 101, 408, 61),
(5469, 101, 408, 62),
(5469, 101, 408, 125),
(5470, 101, 409, 15),
(5470, 101, 409, 20),
(5470, 101, 409, 63),
(5471, 102, 500, 36),
(5471, 102, 500, 132),
(5471, 102, 500, 133),
(5472, 102, 501, 130),
(5472, 102, 501, 133),
(5472, 102, 501, 140),
(5473, 102, 502, 1),
(5473, 102, 502, 100),
(5473, 102, 502, 117),
(5474, 102, 503, 60),
(5474, 102, 503, 117),
(5474, 102, 503, 130),
(5475, 102, 504, 36),
(5475, 102, 504, 117),
(5475, 102, 504, 140),
(5476, 102, 505, 114),
(5476, 102, 505, 130),
(5476, 102, 505, 133),
(5477, 102, 506, 90),
(5477, 102, 506, 114),
(5477, 102, 506, 133),
(5478, 102, 507, 67),
(5478, 102, 507, 90),
(5478, 102, 507, 135),
(5479, 102, 508, 57),
(5479, 102, 508, 89),
(5479, 102, 508, 135),
(5480, 102, 509, 89),
(5480, 102, 509, 90),
(5480, 102, 509, 117),
(5481, 103, 600, 33),
(5481, 103, 600, 127),
(5481, 103, 600, 129),
(5482, 103, 601, 111),
(5482, 103, 601, 129),
(5482, 103, 601, 135),
(5483, 103, 602, 20),
(5483, 103, 602, 33),
(5483, 103, 602, 128),
(5484, 103, 603, 105),
(5484, 103, 603, 130),
(5484, 103, 603, 131),
(5485, 103, 604, 128),
(5485, 103, 604, 130),
(5485, 103, 604, 131),
(5486, 103, 605, 26),
(5486, 103, 605, 126),
(5486, 103, 605, 130),
(5487, 103, 606, 128),
(5487, 103, 606, 135),
(5487, 103, 606, 137),
(5488, 103, 607, 20),
(5488, 103, 607, 21),
(5488, 103, 607, 129),
(5489, 103, 608, 20),
(5489, 103, 608, 105),
(5489, 103, 608, 125),
(5490, 103, 609, 26),
(5490, 103, 609, 129),
(5490, 103, 609, 137),
(5491, 104, 700, 4),
(5491, 104, 700, 13),
(5491, 104, 700, 15),
(5492, 104, 701, 13),
(5492, 104, 701, 50),
(5492, 104, 701, 54),
(5493, 104, 702, 25),
(5493, 104, 702, 50),
(5493, 104, 702, 62),
(5494, 104, 703, 14),
(5494, 104, 703, 24),
(5494, 104, 703, 60),
(5495, 104, 704, 62),
(5495, 104, 704, 68),
(5495, 104, 704, 99),
(5496, 104, 705, 6),
(5496, 104, 705, 32),
(5496, 104, 705, 60),
(5497, 104, 706, 23),
(5497, 104, 706, 25),
(5497, 104, 706, 64),
(5498, 104, 707, 15),
(5498, 104, 707, 25),
(5498, 104, 707, 70),
(5499, 104, 708, 4),
(5499, 104, 708, 5),
(5499, 104, 708, 61),
(5500, 104, 709, 4),
(5500, 104, 709, 52),
(5500, 104, 709, 67),
(5501, 105, 800, 3),
(5501, 105, 800, 5),
(5501, 105, 800, 27),
(5502, 105, 801, 9),
(5502, 105, 801, 58),
(5502, 105, 801, 74),
(5503, 105, 802, 3),
(5503, 105, 802, 31),
(5503, 105, 802, 58),
(5504, 105, 803, 11),
(5504, 105, 803, 39),
(5504, 105, 803, 70),
(5505, 105, 804, 9),
(5505, 105, 804, 31),
(5506, 105, 805, 12),
(5506, 105, 805, 38),
(5506, 105, 805, 39),
(5507, 105, 806, 9),
(5507, 105, 806, 31),
(5507, 105, 806, 97),
(5508, 105, 807, 31),
(5508, 105, 807, 72),
(5508, 105, 807, 97),
(5509, 105, 808, 7),
(5509, 105, 808, 33),
(5509, 105, 808, 35),
(5510, 105, 809, 6),
(5510, 105, 809, 26),
(5510, 105, 809, 97),
(5511, 106, 900, 4),
(5511, 106, 900, 86),
(5511, 106, 900, 88),
(5512, 106, 901, 24),
(5512, 106, 901, 85),
(5512, 106, 901, 88),
(5513, 106, 902, 1),
(5513, 106, 902, 45),
(5513, 106, 902, 99),
(5514, 106, 903, 59),
(5514, 106, 903, 99),
(5514, 106, 903, 133),
(5515, 106, 904, 24),
(5515, 106, 904, 46),
(5515, 106, 904, 59),
(5516, 106, 905, 1),
(5516, 106, 905, 118),
(5516, 106, 905, 129),
(5517, 106, 906, 85),
(5517, 106, 906, 88),
(5517, 106, 906, 133),
(5518, 106, 907, 20),
(5518, 106, 907, 59),
(5518, 106, 907, 88),
(5519, 106, 908, 20),
(5519, 106, 908, 46),
(5519, 106, 908, 83),
(5520, 106, 909, 13),
(5520, 106, 909, 23),
(5520, 106, 909, 128),
(5521, 107, 1000, 10),
(5521, 107, 1000, 102),
(5521, 107, 1000, 139),
(5522, 107, 1001, 1),
(5522, 107, 1001, 65),
(5522, 107, 1001, 122),
(5523, 107, 1002, 12),
(5523, 107, 1002, 36),
(5523, 107, 1002, 139),
(5524, 107, 1003, 12),
(5524, 107, 1003, 16),
(5524, 107, 1003, 113),
(5525, 107, 1004, 16),
(5525, 107, 1004, 100),
(5525, 107, 1004, 133),
(5526, 107, 1005, 17),
(5526, 107, 1005, 30),
(5526, 107, 1005, 36),
(5527, 107, 1006, 9),
(5527, 107, 1006, 102),
(5527, 107, 1006, 115),
(5528, 107, 1007, 10),
(5528, 107, 1007, 12),
(5528, 107, 1007, 31),
(5529, 107, 1008, 9),
(5529, 107, 1008, 116),
(5529, 107, 1008, 133),
(5530, 107, 1009, 9),
(5530, 107, 1009, 121),
(5530, 107, 1009, 131),
(5531, 108, 1100, 34),
(5531, 108, 1100, 39),
(5531, 108, 1100, 68),
(5532, 108, 1101, 39),
(5532, 108, 1101, 102),
(5532, 108, 1101, 116),
(5533, 108, 1102, 41),
(5533, 108, 1102, 61),
(5533, 108, 1102, 116),
(5534, 108, 1103, 9),
(5534, 108, 1103, 17),
(5534, 108, 1103, 133),
(5535, 108, 1104, 6),
(5535, 108, 1104, 15),
(5535, 108, 1104, 87),
(5536, 108, 1105, 66),
(5536, 108, 1105, 139),
(5536, 108, 1105, 140),
(5537, 108, 1106, 15),
(5537, 108, 1106, 76),
(5537, 108, 1106, 133),
(5538, 108, 1107, 68),
(5538, 108, 1107, 109),
(5538, 108, 1107, 127),
(5539, 108, 1108, 21),
(5539, 108, 1108, 88),
(5539, 108, 1108, 97),
(5540, 108, 1109, 39),
(5540, 108, 1109, 114),
(5540, 108, 1109, 127),
(5541, 109, 1200, 14),
(5541, 109, 1200, 49),
(5541, 109, 1200, 65),
(5542, 109, 1201, 21),
(5542, 109, 1201, 99),
(5542, 109, 1201, 129),
(5543, 109, 1202, 68),
(5543, 109, 1202, 80),
(5543, 109, 1202, 84),
(5544, 109, 1203, 113),
(5544, 109, 1203, 115),
(5544, 109, 1203, 129),
(5545, 109, 1204, 49),
(5545, 109, 1204, 80),
(5545, 109, 1204, 84),
(5546, 109, 1205, 15),
(5546, 109, 1205, 22),
(5546, 109, 1205, 82),
(5547, 109, 1206, 21),
(5547, 109, 1206, 82),
(5547, 109, 1206, 115),
(5548, 109, 1207, 14),
(5548, 109, 1207, 92),
(5548, 109, 1207, 122),
(5549, 109, 1208, 21),
(5549, 109, 1208, 92),
(5549, 109, 1208, 117),
(5550, 109, 1209, 102),
(5550, 109, 1209, 122),
(5550, 109, 1209, 138),
(5551, 110, 1300, 7),
(5551, 110, 1300, 30),
(5551, 110, 1300, 37),
(5552, 110, 1301, 40),
(5552, 110, 1301, 72),
(5552, 110, 1301, 74),
(5553, 110, 1302, 8),
(5553, 110, 1302, 58),
(5553, 110, 1302, 124),
(5554, 110, 1303, 43),
(5554, 110, 1303, 83),
(5554, 110, 1303, 107),
(5555, 110, 1304, 32),
(5555, 110, 1304, 44),
(5555, 110, 1304, 94),
(5556, 110, 1305, 12),
(5556, 110, 1305, 18),
(5556, 110, 1305, 22),
(5557, 110, 1306, 30),
(5557, 110, 1306, 40),
(5557, 110, 1306, 42),
(5558, 110, 1307, 20),
(5558, 110, 1307, 58),
(5558, 110, 1307, 74),
(5559, 110, 1308, 30),
(5559, 110, 1308, 42),
(5559, 110, 1308, 118),
(5560, 110, 1309, 40),
(5560, 110, 1309, 42),
(5560, 110, 1309, 124),
(5561, 111, 1400, 83),
(5561, 111, 1400, 96),
(5561, 111, 1400, 123),
(5562, 111, 1401, 75),
(5562, 111, 1401, 80),
(5562, 111, 1401, 115),
(5563, 111, 1402, 14),
(5563, 111, 1402, 84),
(5563, 111, 1402, 96),
(5564, 111, 1403, 39),
(5564, 111, 1403, 57),
(5564, 111, 1403, 111),
(5565, 111, 1404, 4),
(5565, 111, 1404, 5),
(5565, 111, 1404, 116),
(5566, 111, 1405, 80),
(5566, 111, 1405, 83),
(5566, 111, 1405, 96),
(5567, 111, 1406, 6),
(5567, 111, 1406, 96),
(5567, 111, 1406, 115),
(5568, 111, 1407, 43),
(5568, 111, 1407, 98),
(5568, 111, 1407, 116),
(5569, 111, 1408, 84),
(5569, 111, 1408, 99),
(5569, 111, 1408, 123),
(5570, 111, 1409, 83),
(5570, 111, 1409, 96),
(5570, 111, 1409, 99),
(5571, 112, 1500, 42),
(5571, 112, 1500, 59),
(5571, 112, 1500, 74),
(5572, 112, 1501, 11),
(5572, 112, 1501, 62),
(5572, 112, 1501, 82),
(5573, 112, 1502, 19),
(5573, 112, 1502, 45),
(5573, 112, 1502, 68),
(5574, 112, 1503, 45),
(5574, 112, 1503, 51),
(5574, 112, 1503, 98),
(5575, 112, 1504, 42),
(5575, 112, 1504, 82),
(5576, 112, 1505, 19),
(5576, 112, 1505, 68),
(5576, 112, 1505, 100),
(5577, 112, 1506, 53),
(5577, 112, 1506, 59),
(5577, 112, 1506, 82),
(5578, 112, 1507, 11),
(5578, 112, 1507, 51),
(5578, 112, 1507, 74),
(5579, 112, 1508, 38),
(5579, 112, 1508, 52),
(5579, 112, 1508, 100),
(5580, 112, 1509, 42),
(5580, 112, 1509, 45),
(5580, 112, 1509, 100),
(5581, 113, 1600, 8),
(5581, 113, 1600, 12),
(5581, 113, 1600, 137),
(5582, 113, 1601, 23),
(5582, 113, 1601, 79),
(5582, 113, 1601, 83),
(5583, 113, 1602, 11),
(5583, 113, 1602, 29),
(5583, 113, 1602, 133),
(5584, 113, 1603, 8),
(5584, 113, 1603, 29),
(5584, 113, 1603, 133),
(5585, 113, 1604, 11),
(5585, 113, 1604, 23),
(5585, 113, 1604, 54),
(5586, 113, 1605, 23),
(5586, 113, 1605, 35),
(5586, 113, 1605, 79),
(5587, 113, 1606, 12),
(5587, 113, 1606, 57),
(5587, 113, 1606, 92),
(5588, 113, 1607, 54),
(5588, 113, 1607, 92),
(5588, 113, 1607, 130),
(5589, 113, 1608, 11),
(5589, 113, 1608, 23),
(5589, 113, 1608, 122),
(5590, 113, 1609, 12),
(5590, 113, 1609, 57),
(5590, 113, 1609, 122),
(5591, 114, 1700, 16),
(5591, 114, 1700, 72),
(5591, 114, 1700, 97),
(5592, 114, 1701, 26),
(5592, 114, 1701, 28),
(5592, 114, 1701, 45),
(5592, 114, 1701, 98),
(5592, 114, 1701, 120),
(5592, 114, 1701, 135),
(5593, 114, 1702, 88),
(5593, 114, 1702, 89),
(5593, 114, 1702, 93),
(5593, 114, 1702, 118),
(5593, 114, 1702, 120),
(5594, 114, 1703, 2),
(5594, 114, 1703, 72),
(5594, 114, 1703, 116),
(5594, 114, 1703, 118),
(5595, 114, 1704, 2),
(5595, 114, 1704, 26),
(5595, 114, 1704, 45),
(5595, 114, 1704, 64),
(5595, 114, 1704, 93),
(5596, 114, 1705, 89),
(5596, 114, 1705, 95),
(5596, 114, 1705, 105),
(5596, 114, 1705, 116),
(5596, 114, 1705, 129),
(5596, 114, 1705, 135),
(5597, 114, 1706, 72),
(5597, 114, 1706, 89),
(5597, 114, 1706, 96),
(5597, 114, 1706, 98),
(5597, 114, 1706, 129),
(5598, 114, 1707, 16),
(5598, 114, 1707, 19),
(5598, 114, 1707, 39),
(5598, 114, 1707, 56),
(5598, 114, 1707, 79),
(5598, 114, 1707, 138),
(5599, 114, 1708, 48),
(5599, 114, 1708, 50),
(5599, 114, 1708, 58),
(5599, 114, 1708, 96),
(5599, 114, 1708, 120),
(5599, 114, 1708, 138),
(5600, 114, 1709, 26),
(5600, 114, 1709, 75),
(5600, 114, 1709, 79),
(5600, 114, 1709, 105),
(5600, 114, 1709, 129),
(5601, 100, 300, 13),
(5601, 100, 300, 16),
(5601, 100, 300, 20),
(5602, 100, 301, 3),
(5602, 100, 301, 6),
(5602, 100, 301, 119),
(5603, 100, 302, 5),
(5603, 100, 302, 6),
(5603, 100, 302, 16),
(5604, 100, 303, 1),
(5604, 100, 303, 23),
(5604, 100, 303, 36),
(5605, 100, 304, 3),
(5605, 100, 304, 26),
(5605, 100, 304, 35),
(5606, 100, 305, 20),
(5606, 100, 305, 68),
(5606, 100, 305, 92),
(5607, 100, 306, 4),
(5607, 100, 306, 15),
(5607, 100, 306, 36),
(5608, 100, 307, 25),
(5608, 100, 307, 92),
(5608, 100, 307, 116),
(5609, 100, 308, 35),
(5609, 100, 308, 68),
(5609, 100, 308, 119),
(5610, 100, 309, 12),
(5610, 100, 309, 17),
(5610, 100, 309, 38),
(5611, 101, 400, 62),
(5611, 101, 400, 63),
(5611, 101, 400, 125),
(5612, 101, 401, 45),
(5612, 101, 401, 52),
(5612, 101, 401, 62),
(5613, 101, 402, 52),
(5613, 101, 402, 105),
(5613, 101, 402, 129),
(5614, 101, 403, 6),
(5614, 101, 403, 54),
(5614, 101, 403, 129),
(5615, 101, 404, 20),
(5615, 101, 404, 63),
(5615, 101, 404, 113),
(5616, 101, 405, 20),
(5616, 101, 405, 105),
(5616, 101, 405, 126),
(5617, 101, 406, 12),
(5617, 101, 406, 15),
(5617, 101, 406, 63),
(5618, 101, 407, 4),
(5618, 101, 407, 50),
(5618, 101, 407, 126),
(5619, 101, 408, 59),
(5619, 101, 408, 116),
(5619, 101, 408, 126),
(5620, 101, 409, 6),
(5620, 101, 409, 15),
(5620, 101, 409, 125),
(5621, 102, 500, 9),
(5621, 102, 500, 60),
(5621, 102, 500, 138),
(5622, 102, 501, 25),
(5622, 102, 501, 71),
(5622, 102, 501, 140),
(5623, 102, 502, 67),
(5623, 102, 502, 135),
(5623, 102, 502, 138),
(5624, 102, 503, 18),
(5624, 102, 503, 29),
(5624, 102, 503, 130),
(5625, 102, 504, 67),
(5625, 102, 504, 90),
(5625, 102, 504, 135),
(5626, 102, 505, 29),
(5626, 102, 505, 114),
(5626, 102, 505, 130),
(5627, 102, 506, 4),
(5627, 102, 506, 60),
(5627, 102, 506, 67),
(5628, 102, 507, 18),
(5628, 102, 507, 135),
(5628, 102, 507, 138),
(5629, 102, 508, 57),
(5629, 102, 508, 114),
(5629, 102, 508, 132),
(5630, 102, 509, 117),
(5630, 102, 509, 132),
(5630, 102, 509, 135),
(5631, 103, 600, 20),
(5631, 103, 600, 128),
(5631, 103, 600, 137),
(5632, 103, 601, 1),
(5632, 103, 601, 125),
(5632, 103, 601, 129),
(5633, 103, 602, 125),
(5633, 103, 602, 127),
(5633, 103, 602, 131),
(5634, 103, 603, 21),
(5634, 103, 603, 105),
(5634, 103, 603, 111),
(5635, 103, 604, 29),
(5635, 103, 604, 111),
(5635, 103, 604, 128),
(5636, 103, 605, 6),
(5636, 103, 605, 33),
(5636, 103, 605, 138),
(5637, 103, 606, 1),
(5637, 103, 606, 20),
(5637, 103, 606, 21),
(5638, 103, 607, 6),
(5638, 103, 607, 29),
(5638, 103, 607, 105),
(5639, 103, 608, 78),
(5639, 103, 608, 125),
(5639, 103, 608, 127),
(5640, 103, 609, 3),
(5640, 103, 609, 21),
(5640, 103, 609, 130),
(5641, 104, 700, 6),
(5641, 104, 700, 15),
(5641, 104, 700, 60),
(5642, 104, 701, 24),
(5642, 104, 701, 60),
(5642, 104, 701, 70),
(5643, 104, 702, 13),
(5643, 104, 702, 62),
(5643, 104, 702, 70),
(5644, 104, 703, 4),
(5644, 104, 703, 50),
(5644, 104, 703, 60),
(5645, 104, 704, 14),
(5645, 104, 704, 20),
(5645, 104, 704, 25),
(5646, 104, 705, 14),
(5646, 104, 705, 30),
(5646, 104, 705, 67),
(5647, 104, 706, 24),
(5647, 104, 706, 50),
(5647, 104, 706, 99),
(5648, 104, 707, 12),
(5648, 104, 707, 13),
(5648, 104, 707, 25),
(5649, 104, 708, 6),
(5649, 104, 708, 30),
(5649, 104, 708, 44),
(5650, 104, 709, 14),
(5650, 104, 709, 30),
(5650, 104, 709, 50),
(5651, 105, 800, 1),
(5651, 105, 800, 26),
(5651, 105, 800, 27),
(5652, 105, 801, 15),
(5652, 105, 801, 58),
(5652, 105, 801, 77),
(5653, 105, 802, 41),
(5653, 105, 802, 58),
(5653, 105, 802, 100),
(5654, 105, 803, 31),
(5654, 105, 803, 97),
(5655, 105, 804, 31),
(5655, 105, 804, 70),
(5656, 105, 805, 1),
(5656, 105, 805, 7),
(5656, 105, 805, 38),
(5657, 105, 806, 27),
(5657, 105, 806, 33),
(5657, 105, 806, 72),
(5658, 105, 807, 9),
(5658, 105, 807, 11),
(5658, 105, 807, 35),
(5659, 105, 808, 3),
(5659, 105, 808, 7),
(5659, 105, 808, 104),
(5660, 105, 809, 38),
(5660, 105, 809, 39),
(5660, 105, 809, 58),
(5661, 106, 900, 12),
(5661, 106, 900, 13),
(5661, 106, 900, 20),
(5662, 106, 901, 12),
(5662, 106, 901, 14),
(5662, 106, 901, 33),
(5663, 106, 902, 1),
(5663, 106, 902, 23),
(5663, 106, 902, 46),
(5664, 106, 903, 14),
(5664, 106, 903, 67),
(5664, 106, 903, 85),
(5665, 106, 904, 68),
(5665, 106, 904, 88),
(5665, 106, 904, 118),
(5666, 106, 905, 23),
(5666, 106, 905, 33),
(5666, 106, 905, 45),
(5667, 106, 906, 5),
(5667, 106, 906, 46),
(5667, 106, 906, 67),
(5668, 106, 907, 67),
(5668, 106, 907, 93),
(5668, 106, 907, 129),
(5669, 106, 908, 5),
(5669, 106, 908, 20),
(5669, 106, 908, 79),
(5670, 106, 909, 5),
(5670, 106, 909, 88),
(5670, 106, 909, 118),
(5671, 107, 1000, 9),
(5671, 107, 1000, 43),
(5671, 107, 1000, 133),
(5672, 107, 1001, 17),
(5672, 107, 1001, 29),
(5672, 107, 1001, 31),
(5673, 107, 1002, 10),
(5673, 107, 1002, 100),
(5673, 107, 1002, 133),
(5674, 107, 1003, 30),
(5674, 107, 1003, 31),
(5674, 107, 1003, 139),
(5675, 107, 1004, 87),
(5675, 107, 1004, 115),
(5675, 107, 1004, 122),
(5676, 107, 1005, 36),
(5676, 107, 1005, 87),
(5676, 107, 1005, 115),
(5677, 107, 1006, 87),
(5677, 107, 1006, 100),
(5677, 107, 1006, 121),
(5678, 107, 1007, 9),
(5678, 107, 1007, 65),
(5678, 107, 1007, 103),
(5679, 107, 1008, 11),
(5679, 107, 1008, 43),
(5679, 107, 1008, 102),
(5680, 107, 1009, 9),
(5680, 107, 1009, 30),
(5680, 107, 1009, 31),
(5681, 108, 1100, 28),
(5681, 108, 1100, 38),
(5681, 108, 1100, 114),
(5682, 108, 1101, 4),
(5682, 108, 1101, 39),
(5682, 108, 1101, 76),
(5683, 108, 1102, 61),
(5683, 108, 1102, 88),
(5683, 108, 1102, 140),
(5684, 108, 1103, 15),
(5684, 108, 1103, 66),
(5684, 108, 1103, 102),
(5685, 108, 1104, 6),
(5685, 108, 1104, 31),
(5685, 108, 1104, 41),
(5686, 108, 1105, 74),
(5686, 108, 1105, 109),
(5686, 108, 1105, 114),
(5687, 108, 1106, 4),
(5687, 108, 1106, 31),
(5687, 108, 1106, 133),
(5688, 108, 1107, 4),
(5688, 108, 1107, 34),
(5688, 108, 1107, 127),
(5689, 108, 1108, 9),
(5689, 108, 1108, 17),
(5689, 108, 1108, 41),
(5690, 108, 1109, 31),
(5690, 108, 1109, 74),
(5690, 108, 1109, 83),
(5691, 109, 1200, 21),
(5691, 109, 1200, 82),
(5691, 109, 1200, 117),
(5692, 109, 1201, 65),
(5692, 109, 1201, 68),
(5692, 109, 1201, 129),
(5693, 109, 1202, 65),
(5693, 109, 1202, 84),
(5693, 109, 1202, 121),
(5694, 109, 1203, 21),
(5694, 109, 1203, 57),
(5694, 109, 1203, 132),
(5695, 109, 1204, 14),
(5695, 109, 1204, 22),
(5695, 109, 1204, 117),
(5696, 109, 1205, 22),
(5696, 109, 1205, 31),
(5696, 109, 1205, 84),
(5697, 109, 1206, 21),
(5697, 109, 1206, 57),
(5697, 109, 1206, 122),
(5698, 109, 1207, 23),
(5698, 109, 1207, 97),
(5698, 109, 1207, 129),
(5699, 109, 1208, 31),
(5699, 109, 1208, 57),
(5699, 109, 1208, 117),
(5700, 109, 1209, 57),
(5700, 109, 1209, 84),
(5700, 109, 1209, 99),
(5701, 110, 1300, 32),
(5701, 110, 1300, 83),
(5701, 110, 1300, 107),
(5702, 110, 1301, 42),
(5702, 110, 1301, 118),
(5702, 110, 1301, 134),
(5703, 110, 1302, 7),
(5703, 110, 1302, 22),
(5703, 110, 1302, 30),
(5704, 110, 1303, 7),
(5704, 110, 1303, 18),
(5704, 110, 1303, 127),
(5705, 110, 1304, 43),
(5705, 110, 1304, 58),
(5705, 110, 1304, 127),
(5706, 110, 1305, 8),
(5706, 110, 1305, 18),
(5706, 110, 1305, 42),
(5707, 110, 1306, 40),
(5707, 110, 1306, 60),
(5707, 110, 1306, 124),
(5708, 110, 1307, 7),
(5708, 110, 1307, 20),
(5708, 110, 1307, 118),
(5709, 110, 1308, 7),
(5709, 110, 1308, 107),
(5709, 110, 1308, 124),
(5710, 110, 1309, 22),
(5710, 110, 1309, 58),
(5710, 110, 1309, 88),
(5711, 111, 1400, 43),
(5711, 111, 1400, 119),
(5711, 111, 1400, 123),
(5712, 111, 1401, 2),
(5712, 111, 1401, 84),
(5712, 111, 1401, 93),
(5713, 111, 1402, 43),
(5713, 111, 1402, 99),
(5713, 111, 1402, 111),
(5714, 111, 1403, 57),
(5714, 111, 1403, 75),
(5714, 111, 1403, 99),
(5715, 111, 1404, 57),
(5715, 111, 1404, 116),
(5715, 111, 1404, 119),
(5716, 111, 1405, 94),
(5716, 111, 1405, 98),
(5716, 111, 1405, 114),
(5717, 111, 1406, 5),
(5717, 111, 1406, 57),
(5717, 111, 1406, 124),
(5718, 111, 1407, 2),
(5718, 111, 1407, 4),
(5718, 111, 1407, 111),
(5719, 111, 1408, 15),
(5719, 111, 1408, 82),
(5719, 111, 1408, 93),
(5720, 111, 1409, 5),
(5720, 111, 1409, 80),
(5720, 111, 1409, 93),
(5721, 112, 1500, 38),
(5721, 112, 1500, 42),
(5721, 112, 1500, 53),
(5722, 112, 1501, 45),
(5722, 112, 1501, 100),
(5722, 112, 1501, 111),
(5723, 112, 1502, 6),
(5723, 112, 1502, 42),
(5723, 112, 1502, 111),
(5724, 112, 1503, 45),
(5724, 112, 1503, 111),
(5724, 112, 1503, 131),
(5725, 112, 1504, 38),
(5725, 112, 1504, 42),
(5725, 112, 1504, 52),
(5726, 112, 1505, 38),
(5726, 112, 1505, 52),
(5726, 112, 1505, 98),
(5727, 112, 1506, 53),
(5727, 112, 1506, 59),
(5727, 112, 1506, 98),
(5728, 112, 1507, 19),
(5728, 112, 1507, 51),
(5728, 112, 1507, 68),
(5729, 112, 1508, 82),
(5729, 112, 1508, 100),
(5729, 112, 1508, 111),
(5730, 112, 1509, 6),
(5730, 112, 1509, 42),
(5730, 112, 1509, 111),
(5731, 113, 1600, 29),
(5731, 113, 1600, 130),
(5731, 113, 1600, 137),
(5732, 113, 1601, 11),
(5732, 113, 1601, 33),
(5732, 113, 1601, 54),
(5733, 113, 1602, 11),
(5733, 113, 1602, 29),
(5733, 113, 1602, 92),
(5734, 113, 1603, 8),
(5734, 113, 1603, 57),
(5734, 113, 1603, 130),
(5735, 113, 1604, 60),
(5735, 113, 1604, 130),
(5735, 113, 1604, 137),
(5736, 113, 1605, 33),
(5736, 113, 1605, 57),
(5736, 113, 1605, 122),
(5737, 113, 1606, 3),
(5737, 113, 1606, 63),
(5737, 113, 1606, 79),
(5738, 113, 1607, 8),
(5738, 113, 1607, 133),
(5738, 113, 1607, 137),
(5739, 113, 1608, 12),
(5739, 113, 1608, 92),
(5739, 113, 1608, 122),
(5740, 113, 1609, 11),
(5740, 113, 1609, 35),
(5740, 113, 1609, 60),
(5741, 114, 1700, 5),
(5741, 114, 1700, 58),
(5741, 114, 1700, 97),
(5742, 114, 1701, 48),
(5742, 114, 1701, 76),
(5742, 114, 1701, 86),
(5742, 114, 1701, 96),
(5742, 114, 1701, 129),
(5742, 114, 1701, 138),
(5743, 114, 1702, 16),
(5743, 114, 1702, 36),
(5743, 114, 1702, 48),
(5743, 114, 1702, 96),
(5743, 114, 1702, 99),
(5743, 114, 1702, 105),
(5744, 114, 1703, 56),
(5744, 114, 1703, 88),
(5744, 114, 1703, 89),
(5744, 114, 1703, 98),
(5744, 114, 1703, 99),
(5744, 114, 1703, 129),
(5745, 114, 1704, 19),
(5745, 114, 1704, 45),
(5745, 114, 1704, 79),
(5745, 114, 1704, 88),
(5745, 114, 1704, 96),
(5745, 114, 1704, 105),
(5746, 114, 1705, 79),
(5746, 114, 1705, 86),
(5746, 114, 1705, 93),
(5746, 114, 1705, 96),
(5746, 114, 1705, 98),
(5746, 114, 1705, 135),
(5747, 114, 1706, 16),
(5747, 114, 1706, 45),
(5747, 114, 1706, 48),
(5747, 114, 1706, 75),
(5747, 114, 1706, 93),
(5747, 114, 1706, 97),
(5748, 114, 1707, 16),
(5748, 114, 1707, 36),
(5748, 114, 1707, 48),
(5748, 114, 1707, 79),
(5748, 114, 1707, 88),
(5748, 114, 1707, 118),
(5749, 114, 1708, 28),
(5749, 114, 1708, 89),
(5749, 114, 1708, 99),
(5749, 114, 1708, 116),
(5749, 114, 1708, 118),
(5749, 114, 1708, 138),
(5750, 114, 1709, 50),
(5750, 114, 1709, 93),
(5750, 114, 1709, 96),
(5750, 114, 1709, 98),
(5750, 114, 1709, 118),
(5750, 114, 1709, 120),
(5751, 100, 300, 1),
(5751, 100, 300, 26),
(5751, 100, 300, 119),
(5752, 100, 301, 5),
(5752, 100, 301, 6),
(5752, 100, 301, 16),
(5753, 100, 302, 16),
(5753, 100, 302, 18),
(5753, 100, 302, 92),
(5754, 100, 303, 28),
(5754, 100, 303, 35),
(5754, 100, 303, 36),
(5755, 100, 304, 13),
(5755, 100, 304, 16),
(5755, 100, 304, 122),
(5756, 100, 305, 12),
(5756, 100, 305, 14),
(5756, 100, 305, 89),
(5757, 100, 306, 3),
(5757, 100, 306, 28),
(5757, 100, 306, 119),
(5758, 100, 307, 16),
(5758, 100, 307, 35),
(5758, 100, 307, 44),
(5759, 100, 308, 15),
(5759, 100, 308, 34),
(5759, 100, 308, 122),
(5760, 100, 309, 11),
(5760, 100, 309, 17),
(5760, 100, 309, 38),
(5761, 101, 400, 15),
(5761, 101, 400, 125),
(5761, 101, 400, 129),
(5762, 101, 401, 4),
(5762, 101, 401, 45),
(5762, 101, 401, 70),
(5763, 101, 402, 24),
(5763, 101, 402, 45),
(5763, 101, 402, 62),
(5764, 101, 403, 106),
(5764, 101, 403, 113),
(5764, 101, 403, 125),
(5765, 101, 404, 20),
(5765, 101, 404, 47),
(5765, 101, 404, 113),
(5766, 101, 405, 20),
(5766, 101, 405, 105),
(5766, 101, 405, 116),
(5767, 101, 406, 20),
(5767, 101, 406, 24),
(5767, 101, 406, 63),
(5768, 101, 407, 6),
(5768, 101, 407, 70),
(5768, 101, 407, 113),
(5769, 101, 408, 15),
(5769, 101, 408, 24),
(5769, 101, 408, 70),
(5770, 101, 409, 12),
(5770, 101, 409, 45),
(5770, 101, 409, 54),
(5771, 102, 500, 4),
(5771, 102, 500, 75),
(5771, 102, 500, 132),
(5772, 102, 501, 89),
(5772, 102, 501, 138),
(5772, 102, 501, 140),
(5773, 102, 502, 18),
(5773, 102, 502, 67),
(5773, 102, 502, 114),
(5774, 102, 503, 1),
(5774, 102, 503, 117),
(5774, 102, 503, 133),
(5775, 102, 504, 4),
(5775, 102, 504, 18),
(5775, 102, 504, 117),
(5776, 102, 505, 90),
(5776, 102, 505, 132),
(5776, 102, 505, 135),
(5777, 102, 506, 18),
(5777, 102, 506, 25),
(5777, 102, 506, 140),
(5778, 102, 507, 75),
(5778, 102, 507, 133),
(5778, 102, 507, 140),
(5779, 102, 508, 25),
(5779, 102, 508, 57),
(5779, 102, 508, 67),
(5780, 102, 509, 67),
(5780, 102, 509, 132),
(5780, 102, 509, 133),
(5781, 103, 600, 20),
(5781, 103, 600, 105),
(5781, 103, 600, 126),
(5782, 103, 601, 1),
(5782, 103, 601, 21),
(5782, 103, 601, 111),
(5783, 103, 602, 21),
(5783, 103, 602, 78),
(5783, 103, 602, 111),
(5784, 103, 603, 105),
(5784, 103, 603, 129),
(5784, 103, 603, 138),
(5785, 103, 604, 20),
(5785, 103, 604, 22),
(5785, 103, 604, 130),
(5786, 103, 605, 3),
(5786, 103, 605, 21),
(5786, 103, 605, 105),
(5787, 103, 606, 3),
(5787, 103, 606, 126),
(5787, 103, 606, 130),
(5788, 103, 607, 1),
(5788, 103, 607, 125),
(5788, 103, 607, 138),
(5789, 103, 608, 125),
(5789, 103, 608, 129),
(5789, 103, 608, 137),
(5790, 103, 609, 20),
(5790, 103, 609, 26),
(5790, 103, 609, 125),
(5791, 104, 700, 13),
(5791, 104, 700, 62),
(5791, 104, 700, 67),
(5792, 104, 701, 15),
(5792, 104, 701, 25),
(5792, 104, 701, 99),
(5793, 104, 702, 25),
(5793, 104, 702, 67),
(5793, 104, 702, 70),
(5794, 104, 703, 25),
(5794, 104, 703, 54),
(5794, 104, 703, 73),
(5795, 104, 704, 14),
(5795, 104, 704, 20),
(5795, 104, 704, 52),
(5796, 104, 705, 23),
(5796, 104, 705, 50),
(5796, 104, 705, 70),
(5797, 104, 706, 64),
(5797, 104, 706, 67),
(5797, 104, 706, 68),
(5798, 104, 707, 44),
(5798, 104, 707, 68),
(5798, 104, 707, 99),
(5799, 104, 708, 13),
(5799, 104, 708, 23),
(5799, 104, 708, 25),
(5800, 104, 709, 54),
(5800, 104, 709, 67),
(5800, 104, 709, 70),
(5801, 105, 800, 9),
(5801, 105, 800, 41),
(5801, 105, 800, 108),
(5802, 105, 801, 31),
(5802, 105, 801, 35),
(5802, 105, 801, 58),
(5803, 105, 802, 38),
(5803, 105, 802, 77),
(5803, 105, 802, 100),
(5804, 105, 803, 26),
(5804, 105, 803, 39),
(5804, 105, 803, 58),
(5805, 105, 804, 1),
(5805, 105, 804, 9),
(5805, 105, 804, 108),
(5806, 105, 805, 12),
(5806, 105, 805, 41),
(5806, 105, 805, 58),
(5807, 105, 806, 1),
(5807, 105, 806, 12),
(5807, 105, 806, 30),
(5808, 105, 807, 1),
(5808, 105, 807, 3),
(5808, 105, 807, 35),
(5809, 105, 808, 6),
(5809, 105, 808, 100),
(5809, 105, 808, 104),
(5810, 105, 809, 1),
(5810, 105, 809, 6),
(5810, 105, 809, 27),
(5811, 106, 900, 14),
(5811, 106, 900, 23),
(5811, 106, 900, 24),
(5812, 106, 901, 23),
(5812, 106, 901, 68),
(5812, 106, 901, 129),
(5813, 106, 902, 13),
(5813, 106, 902, 83),
(5813, 106, 902, 128),
(5814, 106, 903, 1),
(5814, 106, 903, 59),
(5814, 106, 903, 86),
(5815, 106, 904, 13),
(5815, 106, 904, 68),
(5815, 106, 904, 133),
(5816, 106, 905, 12),
(5816, 106, 905, 20),
(5816, 106, 905, 59),
(5817, 106, 906, 68),
(5817, 106, 906, 99),
(5817, 106, 906, 133),
(5818, 106, 907, 5),
(5818, 106, 907, 128),
(5818, 106, 907, 129),
(5819, 106, 908, 1),
(5819, 106, 908, 14),
(5819, 106, 908, 93),
(5820, 106, 909, 68),
(5820, 106, 909, 86),
(5820, 106, 909, 129),
(5821, 107, 1000, 16),
(5821, 107, 1000, 31),
(5821, 107, 1000, 131),
(5822, 107, 1001, 14),
(5822, 107, 1001, 30),
(5822, 107, 1001, 100),
(5823, 107, 1002, 17),
(5823, 107, 1002, 31),
(5823, 107, 1002, 43),
(5824, 107, 1003, 1),
(5824, 107, 1003, 103),
(5824, 107, 1003, 113),
(5825, 107, 1004, 11),
(5825, 107, 1004, 36),
(5825, 107, 1004, 103),
(5826, 107, 1005, 10),
(5826, 107, 1005, 100),
(5826, 107, 1005, 102),
(5827, 107, 1006, 1),
(5827, 107, 1006, 12),
(5827, 107, 1006, 17),
(5828, 107, 1007, 11),
(5828, 107, 1007, 100),
(5828, 107, 1007, 121),
(5829, 107, 1008, 12),
(5829, 107, 1008, 14),
(5829, 107, 1008, 115),
(5830, 107, 1009, 87),
(5830, 107, 1009, 103),
(5830, 107, 1009, 116),
(5831, 108, 1100, 41),
(5831, 108, 1100, 88),
(5831, 108, 1100, 116),
(5832, 108, 1101, 15),
(5832, 108, 1101, 28),
(5832, 108, 1101, 127),
(5833, 108, 1102, 66),
(5833, 108, 1102, 74),
(5833, 108, 1102, 90),
(5834, 108, 1103, 76),
(5834, 108, 1103, 88),
(5834, 108, 1103, 127),
(5835, 108, 1104, 66),
(5835, 108, 1104, 139),
(5835, 108, 1104, 140),
(5836, 108, 1105, 42),
(5836, 108, 1105, 74),
(5836, 108, 1105, 88),
(5837, 108, 1106, 76),
(5837, 108, 1106, 106),
(5837, 108, 1106, 127),
(5838, 108, 1107, 102),
(5838, 108, 1107, 105),
(5838, 108, 1107, 114),
(5839, 108, 1108, 28),
(5839, 108, 1108, 42),
(5839, 108, 1108, 74),
(5840, 108, 1109, 17),
(5840, 108, 1109, 88),
(5840, 108, 1109, 102),
(5841, 109, 1200, 48),
(5841, 109, 1200, 49),
(5841, 109, 1200, 82),
(5842, 109, 1201, 34),
(5842, 109, 1201, 48),
(5842, 109, 1201, 129),
(5843, 109, 1202, 1),
(5843, 109, 1202, 68),
(5843, 109, 1202, 129),
(5844, 109, 1203, 49),
(5844, 109, 1203, 97),
(5844, 109, 1203, 122),
(5845, 109, 1204, 49),
(5845, 109, 1204, 102),
(5845, 109, 1204, 129),
(5846, 109, 1205, 14),
(5846, 109, 1205, 57),
(5846, 109, 1205, 82),
(5847, 109, 1206, 14),
(5847, 109, 1206, 82),
(5847, 109, 1206, 113),
(5848, 109, 1207, 21),
(5848, 109, 1207, 92),
(5848, 109, 1207, 103),
(5849, 109, 1208, 14),
(5849, 109, 1208, 113),
(5849, 109, 1208, 138),
(5850, 109, 1209, 22),
(5850, 109, 1209, 65),
(5850, 109, 1209, 122),
(5851, 110, 1300, 8),
(5851, 110, 1300, 22),
(5851, 110, 1300, 58),
(5852, 110, 1301, 13),
(5852, 110, 1301, 20),
(5852, 110, 1301, 40),
(5853, 110, 1302, 13),
(5853, 110, 1302, 37),
(5853, 110, 1302, 43),
(5854, 110, 1303, 37),
(5854, 110, 1303, 123),
(5854, 110, 1303, 127),
(5855, 110, 1304, 20),
(5855, 110, 1304, 72),
(5855, 110, 1304, 123),
(5856, 110, 1305, 20),
(5856, 110, 1305, 124),
(5856, 110, 1305, 127),
(5857, 110, 1306, 43),
(5857, 110, 1306, 60),
(5857, 110, 1306, 107),
(5858, 110, 1307, 13),
(5858, 110, 1307, 43),
(5858, 110, 1307, 44),
(5859, 110, 1308, 32),
(5859, 110, 1308, 118),
(5859, 110, 1308, 123),
(5860, 110, 1309, 8),
(5860, 110, 1309, 13),
(5860, 110, 1309, 30),
(5861, 111, 1400, 39),
(5861, 111, 1400, 82),
(5861, 111, 1400, 111),
(5862, 111, 1401, 75),
(5862, 111, 1401, 93),
(5862, 111, 1401, 95),
(5863, 111, 1402, 2),
(5863, 111, 1402, 80),
(5863, 111, 1402, 98),
(5864, 111, 1403, 82),
(5864, 111, 1403, 83),
(5864, 111, 1403, 98),
(5865, 111, 1404, 96),
(5865, 111, 1404, 99),
(5865, 111, 1404, 119),
(5866, 111, 1405, 5),
(5866, 111, 1405, 83),
(5866, 111, 1405, 114),
(5867, 111, 1406, 15),
(5867, 111, 1406, 82),
(5867, 111, 1406, 114),
(5868, 111, 1407, 98),
(5868, 111, 1407, 115),
(5868, 111, 1407, 124),
(5869, 111, 1408, 39),
(5869, 111, 1408, 80),
(5869, 111, 1408, 83),
(5870, 111, 1409, 57),
(5870, 111, 1409, 82),
(5870, 111, 1409, 93),
(5871, 112, 1500, 45),
(5871, 112, 1500, 82),
(5871, 112, 1500, 100),
(5872, 112, 1501, 42),
(5872, 112, 1501, 75),
(5872, 112, 1501, 131),
(5873, 112, 1502, 53),
(5873, 112, 1502, 74),
(5873, 112, 1502, 98),
(5874, 112, 1503, 38),
(5874, 112, 1503, 74),
(5874, 112, 1503, 131),
(5875, 112, 1504, 52),
(5875, 112, 1504, 111),
(5875, 112, 1504, 131),
(5876, 112, 1505, 19),
(5876, 112, 1505, 42),
(5876, 112, 1505, 74),
(5877, 112, 1506, 52),
(5877, 112, 1506, 82),
(5877, 112, 1506, 100),
(5878, 112, 1507, 19),
(5878, 112, 1507, 45),
(5878, 112, 1507, 75),
(5879, 112, 1508, 42),
(5879, 112, 1508, 100),
(5880, 112, 1509, 51),
(5880, 112, 1509, 82),
(5880, 112, 1509, 100),
(5881, 113, 1600, 3),
(5881, 113, 1600, 12),
(5881, 113, 1600, 79),
(5882, 113, 1601, 79),
(5882, 113, 1601, 83),
(5882, 113, 1601, 137),
(5883, 113, 1602, 12),
(5883, 113, 1602, 83),
(5883, 113, 1602, 130),
(5884, 113, 1603, 11),
(5884, 113, 1603, 60),
(5884, 113, 1603, 92),
(5885, 113, 1604, 11),
(5885, 113, 1604, 29),
(5885, 113, 1604, 122),
(5886, 113, 1605, 12),
(5886, 113, 1605, 60),
(5886, 113, 1605, 83),
(5887, 113, 1606, 23),
(5887, 113, 1606, 79),
(5887, 113, 1606, 130),
(5888, 113, 1607, 35),
(5888, 113, 1607, 54),
(5888, 113, 1607, 122),
(5889, 113, 1608, 8),
(5889, 113, 1608, 11),
(5889, 113, 1608, 130),
(5890, 113, 1609, 79),
(5890, 113, 1609, 122),
(5890, 113, 1609, 130),
(5891, 114, 1700, 5),
(5891, 114, 1700, 96),
(5891, 114, 1700, 97),
(5892, 114, 1701, 56),
(5892, 114, 1701, 64),
(5892, 114, 1701, 79),
(5892, 114, 1701, 89),
(5892, 114, 1701, 98),
(5892, 114, 1701, 105),
(5893, 114, 1702, 16),
(5893, 114, 1702, 28),
(5893, 114, 1702, 39),
(5893, 114, 1702, 48),
(5893, 114, 1702, 75),
(5893, 114, 1702, 88),
(5894, 114, 1703, 5),
(5894, 114, 1703, 28),
(5894, 114, 1703, 45),
(5894, 114, 1703, 72),
(5894, 114, 1703, 95),
(5894, 114, 1703, 116),
(5895, 114, 1704, 2),
(5895, 114, 1704, 72),
(5895, 114, 1704, 76),
(5895, 114, 1704, 86),
(5895, 114, 1704, 105),
(5895, 114, 1704, 129),
(5896, 114, 1705, 36),
(5896, 114, 1705, 64),
(5896, 114, 1705, 79),
(5896, 114, 1705, 88),
(5896, 114, 1705, 93),
(5896, 114, 1705, 98),
(5897, 114, 1706, 19),
(5897, 114, 1706, 36),
(5897, 114, 1706, 50),
(5897, 114, 1706, 56),
(5897, 114, 1706, 64),
(5897, 114, 1706, 96),
(5898, 114, 1707, 16),
(5898, 114, 1707, 76),
(5898, 114, 1707, 89),
(5898, 114, 1707, 96),
(5898, 114, 1707, 104),
(5898, 114, 1707, 120),
(5899, 114, 1708, 28),
(5899, 114, 1708, 36),
(5899, 114, 1708, 39),
(5899, 114, 1708, 50),
(5899, 114, 1708, 96),
(5899, 114, 1708, 129),
(5900, 114, 1709, 28),
(5900, 114, 1709, 48),
(5900, 114, 1709, 58),
(5900, 114, 1709, 64),
(5900, 114, 1709, 75),
(5900, 114, 1709, 86),
(5901, 100, 300, 10),
(5901, 100, 300, 17),
(5901, 100, 300, 119),
(5902, 100, 301, 17),
(5902, 100, 301, 23),
(5902, 100, 301, 122),
(5903, 100, 302, 3),
(5903, 100, 302, 6),
(5903, 100, 302, 16),
(5904, 100, 303, 15),
(5904, 100, 303, 35),
(5904, 100, 303, 36),
(5905, 100, 304, 16),
(5905, 100, 304, 26),
(5905, 100, 304, 44),
(5906, 100, 305, 13),
(5906, 100, 305, 23),
(5906, 100, 305, 38),
(5907, 100, 306, 14),
(5907, 100, 306, 36),
(5907, 100, 306, 44),
(5908, 100, 307, 17),
(5908, 100, 307, 20),
(5908, 100, 307, 36),
(5909, 100, 308, 16),
(5909, 100, 308, 18),
(5909, 100, 308, 28),
(5910, 100, 309, 1),
(5910, 100, 309, 26),
(5910, 100, 309, 92),
(5911, 101, 400, 12),
(5911, 101, 400, 47),
(5911, 101, 400, 106),
(5912, 101, 401, 4),
(5912, 101, 401, 20),
(5912, 101, 401, 105),
(5913, 101, 402, 54),
(5913, 101, 402, 62),
(5913, 101, 402, 113),
(5914, 101, 403, 52),
(5914, 101, 403, 62),
(5914, 101, 403, 106),
(5915, 101, 404, 24),
(5915, 101, 404, 45),
(5915, 101, 404, 52),
(5916, 101, 405, 50),
(5916, 101, 405, 59),
(5916, 101, 405, 125),
(5917, 101, 406, 61),
(5917, 101, 406, 63),
(5917, 101, 406, 105),
(5918, 101, 407, 12),
(5918, 101, 407, 20),
(5918, 101, 407, 125),
(5919, 101, 408, 24),
(5919, 101, 408, 63),
(5919, 101, 408, 129),
(5920, 101, 409, 4),
(5920, 101, 409, 12),
(5920, 101, 409, 113),
(5921, 102, 500, 4),
(5921, 102, 500, 75),
(5921, 102, 500, 140),
(5922, 102, 501, 1),
(5922, 102, 501, 114),
(5922, 102, 501, 132),
(5923, 102, 502, 9),
(5923, 102, 502, 117),
(5923, 102, 502, 138),
(5924, 102, 503, 29),
(5924, 102, 503, 100),
(5924, 102, 503, 138),
(5925, 102, 504, 9),
(5925, 102, 504, 114),
(5925, 102, 504, 133),
(5926, 102, 505, 4),
(5926, 102, 505, 9),
(5926, 102, 505, 132),
(5927, 102, 506, 29),
(5927, 102, 506, 117),
(5927, 102, 506, 130),
(5928, 102, 507, 36),
(5928, 102, 507, 71),
(5928, 102, 507, 140),
(5929, 102, 508, 1),
(5929, 102, 508, 117),
(5929, 102, 508, 138),
(5930, 102, 509, 57),
(5930, 102, 509, 67),
(5930, 102, 509, 75),
(5931, 103, 600, 26),
(5931, 103, 600, 129),
(5931, 103, 600, 137),
(5932, 103, 601, 29),
(5932, 103, 601, 129),
(5932, 103, 601, 137),
(5933, 103, 602, 22),
(5933, 103, 602, 78),
(5933, 103, 602, 125),
(5934, 103, 603, 127),
(5934, 103, 603, 131),
(5934, 103, 603, 137),
(5935, 103, 604, 20),
(5935, 103, 604, 33),
(5935, 103, 604, 126),
(5936, 103, 605, 6),
(5936, 103, 605, 26),
(5936, 103, 605, 137),
(5937, 103, 606, 111),
(5937, 103, 606, 125),
(5937, 103, 606, 138),
(5938, 103, 607, 6),
(5938, 103, 607, 128),
(5938, 103, 607, 130),
(5939, 103, 608, 20),
(5939, 103, 608, 105),
(5939, 103, 608, 135),
(5940, 103, 609, 22),
(5940, 103, 609, 128),
(5940, 103, 609, 129),
(5941, 104, 700, 44),
(5941, 104, 700, 64),
(5941, 104, 700, 68),
(5942, 104, 701, 12),
(5942, 104, 701, 50),
(5942, 104, 701, 54),
(5943, 104, 702, 61),
(5943, 104, 702, 68),
(5943, 104, 702, 70),
(5944, 104, 703, 4),
(5944, 104, 703, 60),
(5944, 104, 703, 73),
(5945, 104, 704, 23),
(5945, 104, 704, 52),
(5945, 104, 704, 60),
(5946, 104, 705, 52),
(5946, 104, 705, 54),
(5946, 104, 705, 61),
(5947, 104, 706, 5),
(5947, 104, 706, 44),
(5947, 104, 706, 54),
(5948, 104, 707, 20),
(5948, 104, 707, 32),
(5948, 104, 707, 54),
(5949, 104, 708, 15),
(5949, 104, 708, 52),
(5949, 104, 708, 68),
(5950, 104, 709, 4),
(5950, 104, 709, 44),
(5950, 104, 709, 60),
(5951, 105, 800, 15),
(5951, 105, 800, 70),
(5951, 105, 800, 108),
(5952, 105, 801, 11),
(5952, 105, 801, 77),
(5952, 105, 801, 108),
(5953, 105, 802, 1),
(5953, 105, 802, 5),
(5953, 105, 802, 31),
(5954, 105, 803, 35),
(5954, 105, 803, 41),
(5954, 105, 803, 74),
(5955, 105, 804, 3),
(5955, 105, 804, 35),
(5955, 105, 804, 108),
(5956, 105, 805, 5),
(5956, 105, 805, 26),
(5956, 105, 805, 33),
(5957, 105, 806, 5),
(5957, 105, 806, 12),
(5957, 105, 806, 58),
(5958, 105, 807, 58),
(5958, 105, 807, 74),
(5958, 105, 807, 97),
(5959, 105, 808, 1),
(5959, 105, 808, 72),
(5959, 105, 808, 100),
(5960, 105, 809, 11),
(5960, 105, 809, 30),
(5960, 105, 809, 108),
(5961, 106, 900, 67),
(5961, 106, 900, 86),
(5961, 106, 900, 88),
(5962, 106, 901, 13),
(5962, 106, 901, 83),
(5962, 106, 901, 99),
(5963, 106, 902, 20),
(5963, 106, 902, 83),
(5963, 106, 902, 88),
(5964, 106, 903, 13),
(5964, 106, 903, 33),
(5964, 106, 903, 46),
(5965, 106, 904, 5),
(5965, 106, 904, 88),
(5965, 106, 904, 93),
(5966, 106, 905, 33),
(5966, 106, 905, 83),
(5966, 106, 905, 118),
(5967, 106, 906, 4),
(5967, 106, 906, 33),
(5967, 106, 906, 118),
(5968, 106, 907, 23),
(5968, 106, 907, 88),
(5968, 106, 907, 118),
(5969, 106, 908, 12),
(5969, 106, 908, 46),
(5969, 106, 908, 118),
(5970, 106, 909, 68),
(5970, 106, 909, 93),
(5970, 106, 909, 133),
(5971, 107, 1000, 16),
(5971, 107, 1000, 115),
(5971, 107, 1000, 131),
(5972, 107, 1001, 30),
(5972, 107, 1001, 100),
(5972, 107, 1001, 121),
(5973, 107, 1002, 9),
(5973, 107, 1002, 31),
(5973, 107, 1002, 100),
(5974, 107, 1003, 16),
(5974, 107, 1003, 30),
(5974, 107, 1003, 31),
(5975, 107, 1004, 12),
(5975, 107, 1004, 30),
(5975, 107, 1004, 121),
(5976, 107, 1005, 29),
(5976, 107, 1005, 87),
(5976, 107, 1005, 133),
(5977, 107, 1006, 16),
(5977, 107, 1006, 43),
(5977, 107, 1006, 115),
(5978, 107, 1007, 31),
(5978, 107, 1007, 100),
(5978, 107, 1007, 115),
(5979, 107, 1008, 16),
(5979, 107, 1008, 100),
(5979, 107, 1008, 131),
(5980, 107, 1009, 29),
(5980, 107, 1009, 100),
(5980, 107, 1009, 102),
(5981, 108, 1100, 21),
(5981, 108, 1100, 45),
(5981, 108, 1100, 127),
(5982, 108, 1101, 31),
(5982, 108, 1101, 102),
(5982, 108, 1101, 106),
(5983, 108, 1102, 23),
(5983, 108, 1102, 38),
(5983, 108, 1102, 45),
(5984, 108, 1103, 9),
(5984, 108, 1103, 21),
(5984, 108, 1103, 23),
(5985, 108, 1104, 9),
(5985, 108, 1104, 15),
(5985, 108, 1104, 106),
(5986, 108, 1105, 42),
(5986, 108, 1105, 88),
(5986, 108, 1105, 106),
(5987, 108, 1106, 15),
(5987, 108, 1106, 17),
(5987, 108, 1106, 21),
(5988, 108, 1107, 9),
(5988, 108, 1107, 74),
(5988, 108, 1107, 83),
(5989, 108, 1108, 17),
(5989, 108, 1108, 45),
(5989, 108, 1108, 140),
(5990, 108, 1109, 90),
(5990, 108, 1109, 109),
(5990, 108, 1109, 133),
(5991, 109, 1200, 21),
(5991, 109, 1200, 115),
(5991, 109, 1200, 122),
(5992, 109, 1201, 49),
(5992, 109, 1201, 103),
(5992, 109, 1201, 129),
(5993, 109, 1202, 22),
(5993, 109, 1202, 34),
(5993, 109, 1202, 138),
(5994, 109, 1203, 65),
(5994, 109, 1203, 68),
(5994, 109, 1203, 138),
(5995, 109, 1204, 31),
(5995, 109, 1204, 99),
(5995, 109, 1204, 102),
(5996, 109, 1205, 31),
(5996, 109, 1205, 49),
(5996, 109, 1205, 132),
(5997, 109, 1206, 15),
(5997, 109, 1206, 57),
(5997, 109, 1206, 65),
(5998, 109, 1207, 99),
(5998, 109, 1207, 113),
(5998, 109, 1207, 117),
(5999, 109, 1208, 23),
(5999, 109, 1208, 68),
(5999, 109, 1208, 97),
(6000, 109, 1209, 15),
(6000, 109, 1209, 68),
(6000, 109, 1209, 129),
(6001, 110, 1300, 18),
(6001, 110, 1300, 107),
(6001, 110, 1300, 118),
(6002, 110, 1301, 8),
(6002, 110, 1301, 83),
(6002, 110, 1301, 107),
(6003, 110, 1302, 7),
(6003, 110, 1302, 13),
(6003, 110, 1302, 124),
(6004, 110, 1303, 30),
(6004, 110, 1303, 32),
(6004, 110, 1303, 107),
(6005, 110, 1304, 32),
(6005, 110, 1304, 101),
(6005, 110, 1304, 127),
(6006, 110, 1305, 30),
(6006, 110, 1305, 83),
(6006, 110, 1305, 134),
(6007, 110, 1306, 8),
(6007, 110, 1306, 32),
(6007, 110, 1306, 134),
(6008, 110, 1307, 12),
(6008, 110, 1307, 37),
(6008, 110, 1307, 74),
(6009, 110, 1308, 58),
(6009, 110, 1308, 107),
(6009, 110, 1308, 118),
(6010, 110, 1309, 12),
(6010, 110, 1309, 101),
(6010, 110, 1309, 123),
(6011, 111, 1400, 83),
(6011, 111, 1400, 84),
(6011, 111, 1400, 95),
(6012, 111, 1401, 83),
(6012, 111, 1401, 96),
(6012, 111, 1401, 98),
(6013, 111, 1402, 4),
(6013, 111, 1402, 39),
(6013, 111, 1402, 98),
(6014, 111, 1403, 15),
(6014, 111, 1403, 99),
(6014, 111, 1403, 119),
(6015, 111, 1404, 2),
(6015, 111, 1404, 14),
(6015, 111, 1404, 115),
(6016, 111, 1405, 14),
(6016, 111, 1405, 93),
(6016, 111, 1405, 95),
(6017, 111, 1406, 4),
(6017, 111, 1406, 39),
(6017, 111, 1406, 82),
(6018, 111, 1407, 5),
(6018, 111, 1407, 57),
(6018, 111, 1407, 84),
(6019, 111, 1408, 56),
(6019, 111, 1408, 93),
(6019, 111, 1408, 94),
(6020, 111, 1409, 15),
(6020, 111, 1409, 93),
(6020, 111, 1409, 123),
(6021, 112, 1500, 11),
(6021, 112, 1500, 45),
(6021, 112, 1500, 68),
(6022, 112, 1501, 42),
(6022, 112, 1501, 62),
(6022, 112, 1501, 131),
(6023, 112, 1502, 42),
(6023, 112, 1502, 52),
(6023, 112, 1502, 100),
(6024, 112, 1503, 11),
(6024, 112, 1503, 42),
(6024, 112, 1503, 68),
(6025, 112, 1504, 42),
(6025, 112, 1504, 62),
(6025, 112, 1504, 75),
(6026, 112, 1505, 6),
(6026, 112, 1505, 62),
(6026, 112, 1505, 68),
(6027, 112, 1506, 68),
(6027, 112, 1506, 100),
(6027, 112, 1506, 131),
(6028, 112, 1507, 42),
(6028, 112, 1507, 98),
(6029, 112, 1508, 19),
(6029, 112, 1508, 45),
(6029, 112, 1508, 68),
(6030, 112, 1509, 11),
(6030, 112, 1509, 42),
(6030, 112, 1509, 52),
(6031, 113, 1600, 3),
(6031, 113, 1600, 12),
(6031, 113, 1600, 33),
(6032, 113, 1601, 12),
(6032, 113, 1601, 54),
(6032, 113, 1601, 79),
(6033, 113, 1602, 12),
(6033, 113, 1602, 137),
(6034, 113, 1603, 23),
(6034, 113, 1603, 92),
(6034, 113, 1603, 133),
(6035, 113, 1604, 3),
(6035, 113, 1604, 35),
(6035, 113, 1604, 60),
(6036, 113, 1605, 11),
(6036, 113, 1605, 79),
(6036, 113, 1605, 133),
(6037, 113, 1606, 12),
(6037, 113, 1606, 23),
(6037, 113, 1606, 133),
(6038, 113, 1607, 8),
(6038, 113, 1607, 33),
(6038, 113, 1607, 92),
(6039, 113, 1608, 63),
(6039, 113, 1608, 130),
(6039, 113, 1608, 137),
(6040, 113, 1609, 29),
(6040, 113, 1609, 83),
(6040, 113, 1609, 92),
(6041, 114, 1700, 64),
(6041, 114, 1700, 104),
(6041, 114, 1700, 129),
(6042, 114, 1701, 19),
(6042, 114, 1701, 50),
(6042, 114, 1701, 93),
(6042, 114, 1701, 105),
(6042, 114, 1701, 118),
(6043, 114, 1702, 2),
(6043, 114, 1702, 39),
(6043, 114, 1702, 72),
(6043, 114, 1702, 95),
(6043, 114, 1702, 129),
(6043, 114, 1702, 138),
(6044, 114, 1703, 45),
(6044, 114, 1703, 93),
(6044, 114, 1703, 96),
(6044, 114, 1703, 99),
(6044, 114, 1703, 104),
(6045, 114, 1704, 16),
(6045, 114, 1704, 19),
(6045, 114, 1704, 28),
(6045, 114, 1704, 48),
(6045, 114, 1704, 72),
(6045, 114, 1704, 98),
(6046, 114, 1705, 5),
(6046, 114, 1705, 36),
(6046, 114, 1705, 72),
(6046, 114, 1705, 86),
(6046, 114, 1705, 99),
(6046, 114, 1705, 129),
(6047, 114, 1706, 2),
(6047, 114, 1706, 39),
(6047, 114, 1706, 93),
(6047, 114, 1706, 118),
(6047, 114, 1706, 135),
(6048, 114, 1707, 19),
(6048, 114, 1707, 36),
(6048, 114, 1707, 72),
(6048, 114, 1707, 93),
(6048, 114, 1707, 96),
(6048, 114, 1707, 120),
(6049, 114, 1708, 16),
(6049, 114, 1708, 36),
(6049, 114, 1708, 56),
(6049, 114, 1708, 72),
(6049, 114, 1708, 75),
(6049, 114, 1708, 86),
(6050, 114, 1709, 26),
(6050, 114, 1709, 86),
(6050, 114, 1709, 89),
(6050, 114, 1709, 95),
(6050, 114, 1709, 129),
(6050, 114, 1709, 138),
(6051, 100, 300, 12),
(6051, 100, 300, 15),
(6051, 100, 300, 122),
(6052, 100, 301, 18),
(6052, 100, 301, 35),
(6052, 100, 301, 44),
(6053, 100, 302, 15),
(6053, 100, 302, 16),
(6053, 100, 302, 122),
(6054, 100, 303, 14),
(6054, 100, 303, 15),
(6054, 100, 303, 16),
(6055, 100, 304, 11),
(6055, 100, 304, 35),
(6055, 100, 304, 68),
(6056, 100, 305, 6),
(6056, 100, 305, 14),
(6056, 100, 305, 20),
(6057, 100, 306, 13),
(6057, 100, 306, 14),
(6057, 100, 306, 89),
(6058, 100, 307, 4),
(6058, 100, 307, 20),
(6058, 100, 307, 36),
(6059, 100, 308, 6),
(6059, 100, 308, 26),
(6059, 100, 308, 89),
(6060, 100, 309, 15),
(6060, 100, 309, 34),
(6060, 100, 309, 35),
(6061, 101, 400, 24),
(6061, 101, 400, 45),
(6061, 101, 400, 47),
(6062, 101, 401, 12),
(6062, 101, 401, 70),
(6062, 101, 401, 116),
(6063, 101, 402, 12),
(6063, 101, 402, 113),
(6063, 101, 402, 116),
(6064, 101, 403, 63),
(6064, 101, 403, 113),
(6064, 101, 403, 129),
(6065, 101, 404, 20),
(6065, 101, 404, 52),
(6065, 101, 404, 126),
(6066, 101, 405, 45),
(6066, 101, 405, 50),
(6066, 101, 405, 54),
(6067, 101, 406, 50),
(6067, 101, 406, 61),
(6067, 101, 406, 116),
(6068, 101, 407, 6),
(6068, 101, 407, 59),
(6068, 101, 407, 125),
(6069, 101, 408, 20),
(6069, 101, 408, 61),
(6069, 101, 408, 125),
(6070, 101, 409, 59),
(6070, 101, 409, 63),
(6070, 101, 409, 105),
(6071, 102, 500, 36),
(6071, 102, 500, 75),
(6071, 102, 500, 135),
(6072, 102, 501, 29),
(6072, 102, 501, 75),
(6072, 102, 501, 114),
(6073, 102, 502, 9),
(6073, 102, 502, 18),
(6073, 102, 502, 132),
(6074, 102, 503, 29),
(6074, 102, 503, 114),
(6074, 102, 503, 117),
(6075, 102, 504, 57),
(6075, 102, 504, 90),
(6075, 102, 504, 138),
(6076, 102, 505, 132),
(6076, 102, 505, 135),
(6076, 102, 505, 140),
(6077, 102, 506, 9),
(6077, 102, 506, 57),
(6077, 102, 506, 135),
(6078, 102, 507, 71),
(6078, 102, 507, 90),
(6078, 102, 507, 132),
(6079, 102, 508, 25),
(6079, 102, 508, 71),
(6079, 102, 508, 133),
(6080, 102, 509, 75),
(6080, 102, 509, 117),
(6080, 102, 509, 133),
(6081, 103, 600, 22),
(6081, 103, 600, 78),
(6081, 103, 600, 126),
(6082, 103, 601, 22),
(6082, 103, 601, 126),
(6082, 103, 601, 137),
(6083, 103, 602, 126),
(6083, 103, 602, 128),
(6083, 103, 602, 130),
(6084, 103, 603, 1),
(6084, 103, 603, 130),
(6084, 103, 603, 131),
(6085, 103, 604, 78),
(6085, 103, 604, 120),
(6085, 103, 604, 131),
(6086, 103, 605, 33),
(6086, 103, 605, 111),
(6086, 103, 605, 128),
(6087, 103, 606, 3),
(6087, 103, 606, 29),
(6087, 103, 606, 138),
(6088, 103, 607, 129),
(6088, 103, 607, 130),
(6088, 103, 607, 135),
(6089, 103, 608, 22),
(6089, 103, 608, 33),
(6089, 103, 608, 128),
(6090, 103, 609, 1),
(6090, 103, 609, 26),
(6090, 103, 609, 78),
(6091, 104, 700, 15),
(6091, 104, 700, 50),
(6091, 104, 700, 60),
(6092, 104, 701, 4),
(6092, 104, 701, 24),
(6092, 104, 701, 70),
(6093, 104, 702, 23),
(6093, 104, 702, 52),
(6093, 104, 702, 68),
(6094, 104, 703, 24),
(6094, 104, 703, 52),
(6094, 104, 703, 64),
(6095, 104, 704, 13),
(6095, 104, 704, 25),
(6095, 104, 704, 68),
(6096, 104, 705, 14),
(6096, 104, 705, 23),
(6096, 104, 705, 32),
(6097, 104, 706, 12),
(6097, 104, 706, 67),
(6097, 104, 706, 99),
(6098, 104, 707, 24),
(6098, 104, 707, 44),
(6098, 104, 707, 50),
(6099, 104, 708, 12),
(6099, 104, 708, 24),
(6099, 104, 708, 70),
(6100, 104, 709, 15),
(6100, 104, 709, 23),
(6100, 104, 709, 52),
(6101, 105, 800, 3),
(6101, 105, 800, 72),
(6101, 105, 800, 100),
(6102, 105, 801, 11),
(6102, 105, 801, 31),
(6102, 105, 801, 108),
(6103, 105, 802, 5),
(6103, 105, 802, 31),
(6103, 105, 802, 70),
(6104, 105, 803, 26),
(6104, 105, 803, 31),
(6105, 105, 804, 15),
(6105, 105, 804, 58),
(6105, 105, 804, 70),
(6106, 105, 805, 38),
(6106, 105, 805, 58),
(6106, 105, 805, 70),
(6107, 105, 806, 6),
(6107, 105, 806, 31),
(6107, 105, 806, 77),
(6108, 105, 807, 12),
(6108, 105, 807, 31),
(6108, 105, 807, 77),
(6109, 105, 808, 11),
(6109, 105, 808, 12),
(6109, 105, 808, 15),
(6110, 105, 809, 11),
(6110, 105, 809, 27),
(6110, 105, 809, 38),
(6111, 106, 900, 24),
(6111, 106, 900, 45),
(6111, 106, 900, 68),
(6112, 106, 901, 67),
(6112, 106, 901, 85),
(6112, 106, 901, 93),
(6113, 106, 902, 14),
(6113, 106, 902, 45),
(6113, 106, 902, 79),
(6114, 106, 903, 5),
(6114, 106, 903, 67),
(6114, 106, 903, 129),
(6115, 106, 904, 5),
(6115, 106, 904, 14),
(6115, 106, 904, 45),
(6116, 106, 905, 5),
(6116, 106, 905, 24),
(6116, 106, 905, 68),
(6117, 106, 906, 5),
(6117, 106, 906, 67),
(6117, 106, 906, 118),
(6118, 106, 907, 68),
(6118, 106, 907, 118),
(6118, 106, 907, 128),
(6119, 106, 908, 33),
(6119, 106, 908, 79),
(6119, 106, 908, 93),
(6120, 106, 909, 33),
(6120, 106, 909, 86),
(6120, 106, 909, 118),
(6121, 107, 1000, 12),
(6121, 107, 1000, 43),
(6121, 107, 1000, 113),
(6122, 107, 1001, 14),
(6122, 107, 1001, 87),
(6122, 107, 1001, 103),
(6123, 107, 1002, 12),
(6123, 107, 1002, 17),
(6123, 107, 1002, 100),
(6124, 107, 1003, 1),
(6124, 107, 1003, 113),
(6124, 107, 1003, 131),
(6125, 107, 1004, 10),
(6125, 107, 1004, 11),
(6125, 107, 1004, 115),
(6126, 107, 1005, 31),
(6126, 107, 1005, 116),
(6126, 107, 1005, 122),
(6127, 107, 1006, 9),
(6127, 107, 1006, 12),
(6127, 107, 1006, 113),
(6128, 107, 1007, 16),
(6128, 107, 1007, 36),
(6128, 107, 1007, 115),
(6129, 107, 1008, 11),
(6129, 107, 1008, 122),
(6129, 107, 1008, 139),
(6130, 107, 1009, 14),
(6130, 107, 1009, 102),
(6130, 107, 1009, 121),
(6131, 108, 1100, 23),
(6131, 108, 1100, 66),
(6131, 108, 1100, 88),
(6132, 108, 1101, 17),
(6132, 108, 1101, 34),
(6132, 108, 1101, 105),
(6133, 108, 1102, 74),
(6133, 108, 1102, 106),
(6133, 108, 1102, 137),
(6134, 108, 1103, 9),
(6134, 108, 1103, 83),
(6134, 108, 1103, 106),
(6135, 108, 1104, 45),
(6135, 108, 1104, 105),
(6135, 108, 1104, 140),
(6136, 108, 1105, 4),
(6136, 108, 1105, 39),
(6136, 108, 1105, 105),
(6137, 108, 1106, 39),
(6137, 108, 1106, 90),
(6137, 108, 1106, 139),
(6138, 108, 1107, 21),
(6138, 108, 1107, 61),
(6138, 108, 1107, 76),
(6139, 108, 1108, 17),
(6139, 108, 1108, 38),
(6139, 108, 1108, 76),
(6140, 108, 1109, 66),
(6140, 108, 1109, 137),
(6140, 108, 1109, 139),
(6141, 109, 1200, 31),
(6141, 109, 1200, 80),
(6141, 109, 1200, 82),
(6142, 109, 1201, 82),
(6142, 109, 1201, 103),
(6142, 109, 1201, 115),
(6143, 109, 1202, 34),
(6143, 109, 1202, 48),
(6143, 109, 1202, 129),
(6144, 109, 1203, 15),
(6144, 109, 1203, 31),
(6144, 109, 1203, 132),
(6145, 109, 1204, 31),
(6145, 109, 1204, 80),
(6145, 109, 1204, 117),
(6146, 109, 1205, 15),
(6146, 109, 1205, 23),
(6146, 109, 1205, 99),
(6147, 109, 1206, 15),
(6147, 109, 1206, 31),
(6147, 109, 1206, 115),
(6148, 109, 1207, 80),
(6148, 109, 1207, 82),
(6148, 109, 1207, 129),
(6149, 109, 1208, 68),
(6149, 109, 1208, 129),
(6149, 109, 1208, 132),
(6150, 109, 1209, 14),
(6150, 109, 1209, 113),
(6150, 109, 1209, 129),
(6151, 110, 1300, 8),
(6151, 110, 1300, 42),
(6151, 110, 1300, 101),
(6152, 110, 1301, 8),
(6152, 110, 1301, 37),
(6152, 110, 1301, 43),
(6153, 110, 1302, 30),
(6153, 110, 1302, 83),
(6153, 110, 1302, 134),
(6154, 110, 1303, 42),
(6154, 110, 1303, 60),
(6154, 110, 1303, 94),
(6155, 110, 1304, 8),
(6155, 110, 1304, 107),
(6155, 110, 1304, 118),
(6156, 110, 1305, 18),
(6156, 110, 1305, 58),
(6156, 110, 1305, 127),
(6157, 110, 1306, 7),
(6157, 110, 1306, 44),
(6157, 110, 1306, 123),
(6158, 110, 1307, 30),
(6158, 110, 1307, 74),
(6158, 110, 1307, 127),
(6159, 110, 1308, 12),
(6159, 110, 1308, 42),
(6159, 110, 1308, 134),
(6160, 110, 1309, 20),
(6160, 110, 1309, 30),
(6160, 110, 1309, 88),
(6161, 111, 1400, 82),
(6161, 111, 1400, 111),
(6161, 111, 1400, 124),
(6162, 111, 1401, 39),
(6162, 111, 1401, 83),
(6162, 111, 1401, 98),
(6163, 111, 1402, 2);
INSERT INTO `orders_test_2` (`order_id`, `store_id`, `customer_id`, `product_id`) VALUES
(6163, 111, 1402, 56),
(6163, 111, 1402, 95),
(6164, 111, 1403, 4),
(6164, 111, 1403, 6),
(6164, 111, 1403, 14),
(6165, 111, 1404, 96),
(6165, 111, 1404, 98),
(6165, 111, 1404, 99),
(6166, 111, 1405, 6),
(6166, 111, 1405, 115),
(6166, 111, 1405, 123),
(6167, 111, 1406, 5),
(6167, 111, 1406, 6),
(6167, 111, 1406, 123),
(6168, 111, 1407, 5),
(6168, 111, 1407, 15),
(6168, 111, 1407, 119),
(6169, 111, 1408, 21),
(6169, 111, 1408, 80),
(6169, 111, 1408, 124),
(6170, 111, 1409, 2),
(6170, 111, 1409, 21),
(6170, 111, 1409, 75),
(6171, 112, 1500, 42),
(6171, 112, 1500, 53),
(6171, 112, 1500, 82),
(6172, 112, 1501, 42),
(6172, 112, 1501, 53),
(6172, 112, 1501, 74),
(6173, 112, 1502, 38),
(6173, 112, 1502, 52),
(6173, 112, 1502, 75),
(6174, 112, 1503, 53),
(6174, 112, 1503, 74),
(6174, 112, 1503, 98),
(6175, 112, 1504, 45),
(6175, 112, 1504, 98),
(6175, 112, 1504, 111),
(6176, 112, 1505, 45),
(6176, 112, 1505, 59),
(6176, 112, 1505, 131),
(6177, 112, 1506, 59),
(6177, 112, 1506, 62),
(6177, 112, 1506, 74),
(6178, 112, 1507, 38),
(6178, 112, 1507, 82),
(6178, 112, 1507, 98),
(6179, 112, 1508, 42),
(6179, 112, 1508, 82),
(6179, 112, 1508, 131),
(6180, 112, 1509, 45),
(6180, 112, 1509, 51),
(6180, 112, 1509, 131),
(6181, 113, 1600, 33),
(6181, 113, 1600, 54),
(6181, 113, 1600, 137),
(6182, 113, 1601, 23),
(6182, 113, 1601, 83),
(6182, 113, 1601, 137),
(6183, 113, 1602, 23),
(6183, 113, 1602, 33),
(6183, 113, 1602, 122),
(6184, 113, 1603, 11),
(6184, 113, 1603, 57),
(6184, 113, 1603, 60),
(6185, 113, 1604, 23),
(6185, 113, 1604, 35),
(6185, 113, 1604, 54),
(6186, 113, 1605, 11),
(6186, 113, 1605, 79),
(6186, 113, 1605, 122),
(6187, 113, 1606, 3),
(6187, 113, 1606, 79),
(6187, 113, 1606, 137),
(6188, 113, 1607, 54),
(6188, 113, 1607, 79),
(6188, 113, 1607, 130),
(6189, 113, 1608, 8),
(6189, 113, 1608, 23),
(6189, 113, 1608, 60),
(6190, 113, 1609, 12),
(6190, 113, 1609, 33),
(6190, 113, 1609, 79),
(6191, 114, 1700, 64),
(6191, 114, 1700, 96),
(6191, 114, 1700, 135),
(6192, 114, 1701, 13),
(6192, 114, 1701, 36),
(6192, 114, 1701, 58),
(6192, 114, 1701, 79),
(6192, 114, 1701, 135),
(6192, 114, 1701, 138),
(6193, 114, 1702, 16),
(6193, 114, 1702, 19),
(6193, 114, 1702, 58),
(6193, 114, 1702, 76),
(6193, 114, 1702, 86),
(6193, 114, 1702, 118),
(6194, 114, 1703, 19),
(6194, 114, 1703, 45),
(6194, 114, 1703, 58),
(6194, 114, 1703, 72),
(6194, 114, 1703, 138),
(6195, 114, 1704, 36),
(6195, 114, 1704, 58),
(6195, 114, 1704, 86),
(6195, 114, 1704, 88),
(6195, 114, 1704, 95),
(6195, 114, 1704, 104),
(6196, 114, 1705, 2),
(6196, 114, 1705, 28),
(6196, 114, 1705, 96),
(6196, 114, 1705, 98),
(6196, 114, 1705, 99),
(6196, 114, 1705, 104),
(6197, 114, 1706, 16),
(6197, 114, 1706, 28),
(6197, 114, 1706, 45),
(6197, 114, 1706, 72),
(6197, 114, 1706, 95),
(6198, 114, 1707, 5),
(6198, 114, 1707, 19),
(6198, 114, 1707, 45),
(6198, 114, 1707, 88),
(6198, 114, 1707, 97),
(6198, 114, 1707, 99),
(6199, 114, 1708, 26),
(6199, 114, 1708, 36),
(6199, 114, 1708, 48),
(6199, 114, 1708, 72),
(6199, 114, 1708, 96),
(6199, 114, 1708, 99),
(6200, 114, 1709, 56),
(6200, 114, 1709, 76),
(6200, 114, 1709, 98),
(6200, 114, 1709, 104),
(6200, 114, 1709, 135),
(6201, 100, 300, 20),
(6201, 100, 300, 25),
(6201, 100, 300, 28),
(6202, 100, 301, 3),
(6202, 100, 301, 38),
(6202, 100, 301, 44),
(6203, 100, 302, 23),
(6203, 100, 302, 89),
(6203, 100, 302, 119),
(6204, 100, 303, 4),
(6204, 100, 303, 18),
(6204, 100, 303, 122),
(6205, 100, 304, 11),
(6205, 100, 304, 12),
(6205, 100, 304, 34),
(6206, 100, 305, 25),
(6206, 100, 305, 34),
(6206, 100, 305, 119),
(6207, 100, 306, 5),
(6207, 100, 306, 16),
(6207, 100, 306, 119),
(6208, 100, 307, 6),
(6208, 100, 307, 25),
(6208, 100, 307, 34),
(6209, 100, 308, 5),
(6209, 100, 308, 23),
(6209, 100, 308, 38),
(6210, 100, 309, 26),
(6210, 100, 309, 92),
(6210, 100, 309, 116),
(6211, 101, 400, 47),
(6211, 101, 400, 50),
(6211, 101, 400, 61),
(6212, 101, 401, 12),
(6212, 101, 401, 47),
(6212, 101, 401, 63),
(6213, 101, 402, 13),
(6213, 101, 402, 47),
(6213, 101, 402, 116),
(6214, 101, 403, 63),
(6214, 101, 403, 70),
(6214, 101, 403, 105),
(6215, 101, 404, 54),
(6215, 101, 404, 61),
(6215, 101, 404, 113),
(6216, 101, 405, 13),
(6216, 101, 405, 24),
(6216, 101, 405, 105),
(6217, 101, 406, 4),
(6217, 101, 406, 13),
(6217, 101, 406, 125),
(6218, 101, 407, 52),
(6218, 101, 407, 61),
(6218, 101, 407, 62),
(6219, 101, 408, 13),
(6219, 101, 408, 62),
(6219, 101, 408, 106),
(6220, 101, 409, 15),
(6220, 101, 409, 50),
(6220, 101, 409, 105),
(6221, 102, 500, 9),
(6221, 102, 500, 90),
(6221, 102, 500, 117),
(6222, 102, 501, 25),
(6222, 102, 501, 100),
(6222, 102, 501, 135),
(6223, 102, 502, 18),
(6223, 102, 502, 25),
(6223, 102, 502, 67),
(6224, 102, 503, 1),
(6224, 102, 503, 75),
(6224, 102, 503, 132),
(6225, 102, 504, 89),
(6225, 102, 504, 90),
(6225, 102, 504, 133),
(6226, 102, 505, 4),
(6226, 102, 505, 133),
(6226, 102, 505, 138),
(6227, 102, 506, 130),
(6227, 102, 506, 132),
(6227, 102, 506, 133),
(6228, 102, 507, 1),
(6228, 102, 507, 4),
(6228, 102, 507, 60),
(6229, 102, 508, 1),
(6229, 102, 508, 29),
(6229, 102, 508, 36),
(6230, 102, 509, 18),
(6230, 102, 509, 89),
(6230, 102, 509, 117),
(6231, 103, 600, 6),
(6231, 103, 600, 22),
(6231, 103, 600, 131),
(6232, 103, 601, 21),
(6232, 103, 601, 78),
(6232, 103, 601, 125),
(6233, 103, 602, 21),
(6233, 103, 602, 111),
(6233, 103, 602, 137),
(6234, 103, 603, 3),
(6234, 103, 603, 125),
(6234, 103, 603, 137),
(6235, 103, 604, 33),
(6235, 103, 604, 78),
(6235, 103, 604, 128),
(6236, 103, 605, 1),
(6236, 103, 605, 20),
(6236, 103, 605, 137),
(6237, 103, 606, 105),
(6237, 103, 606, 120),
(6237, 103, 606, 129),
(6238, 103, 607, 21),
(6238, 103, 607, 128),
(6238, 103, 607, 135),
(6239, 103, 608, 1),
(6239, 103, 608, 111),
(6239, 103, 608, 137),
(6240, 103, 609, 21),
(6240, 103, 609, 127),
(6240, 103, 609, 135),
(6241, 104, 700, 6),
(6241, 104, 700, 54),
(6241, 104, 700, 64),
(6242, 104, 701, 5),
(6242, 104, 701, 44),
(6242, 104, 701, 62),
(6243, 104, 702, 6),
(6243, 104, 702, 54),
(6243, 104, 702, 67),
(6244, 104, 703, 6),
(6244, 104, 703, 12),
(6244, 104, 703, 13),
(6245, 104, 704, 50),
(6245, 104, 704, 54),
(6245, 104, 704, 67),
(6246, 104, 705, 12),
(6246, 104, 705, 64),
(6246, 104, 705, 73),
(6247, 104, 706, 23),
(6247, 104, 706, 24),
(6247, 104, 706, 25),
(6248, 104, 707, 30),
(6248, 104, 707, 52),
(6248, 104, 707, 60),
(6249, 104, 708, 6),
(6249, 104, 708, 44),
(6249, 104, 708, 73),
(6250, 104, 709, 25),
(6250, 104, 709, 44),
(6250, 104, 709, 68),
(6251, 105, 800, 1),
(6251, 105, 800, 33),
(6251, 105, 800, 38),
(6252, 105, 801, 27),
(6252, 105, 801, 65),
(6252, 105, 801, 74),
(6253, 105, 802, 12),
(6253, 105, 802, 31),
(6253, 105, 802, 108),
(6254, 105, 803, 10),
(6254, 105, 803, 31),
(6254, 105, 803, 104),
(6255, 105, 804, 6),
(6255, 105, 804, 77),
(6255, 105, 804, 108),
(6256, 105, 805, 9),
(6256, 105, 805, 31),
(6256, 105, 805, 108),
(6257, 105, 806, 1),
(6257, 105, 806, 74),
(6257, 105, 806, 108),
(6258, 105, 807, 1),
(6258, 105, 807, 31),
(6258, 105, 807, 70),
(6259, 105, 808, 12),
(6259, 105, 808, 33),
(6259, 105, 808, 39),
(6260, 105, 809, 1),
(6260, 105, 809, 33),
(6260, 105, 809, 100),
(6261, 106, 900, 14),
(6261, 106, 900, 83),
(6261, 106, 900, 99),
(6262, 106, 901, 24),
(6262, 106, 901, 59),
(6262, 106, 901, 129),
(6263, 106, 902, 12),
(6263, 106, 902, 13),
(6263, 106, 902, 88),
(6264, 106, 903, 45),
(6264, 106, 903, 79),
(6264, 106, 903, 86),
(6265, 106, 904, 20),
(6265, 106, 904, 67),
(6265, 106, 904, 118),
(6266, 106, 905, 24),
(6266, 106, 905, 85),
(6266, 106, 905, 88),
(6267, 106, 906, 5),
(6267, 106, 906, 23),
(6267, 106, 906, 93),
(6268, 106, 907, 4),
(6268, 106, 907, 59),
(6268, 106, 907, 99),
(6269, 106, 908, 12),
(6269, 106, 908, 46),
(6269, 106, 908, 118),
(6270, 106, 909, 12),
(6270, 106, 909, 79),
(6270, 106, 909, 86),
(6271, 107, 1000, 36),
(6271, 107, 1000, 102),
(6271, 107, 1000, 122),
(6272, 107, 1001, 115),
(6272, 107, 1001, 131),
(6272, 107, 1001, 133),
(6273, 107, 1002, 9),
(6273, 107, 1002, 29),
(6273, 107, 1002, 116),
(6274, 107, 1003, 11),
(6274, 107, 1003, 65),
(6274, 107, 1003, 100),
(6275, 107, 1004, 43),
(6275, 107, 1004, 102),
(6275, 107, 1004, 131),
(6276, 107, 1005, 12),
(6276, 107, 1005, 29),
(6276, 107, 1005, 122),
(6277, 107, 1006, 31),
(6277, 107, 1006, 100),
(6277, 107, 1006, 113),
(6278, 107, 1007, 100),
(6278, 107, 1007, 113),
(6278, 107, 1007, 116),
(6279, 107, 1008, 17),
(6279, 107, 1008, 30),
(6279, 107, 1008, 100),
(6280, 107, 1009, 17),
(6280, 107, 1009, 87),
(6280, 107, 1009, 103),
(6281, 108, 1100, 4),
(6281, 108, 1100, 76),
(6281, 108, 1100, 114),
(6282, 108, 1101, 4),
(6282, 108, 1101, 97),
(6282, 108, 1101, 106),
(6283, 108, 1102, 15),
(6283, 108, 1102, 42),
(6283, 108, 1102, 90),
(6284, 108, 1103, 66),
(6284, 108, 1103, 87),
(6284, 108, 1103, 140),
(6285, 108, 1104, 4),
(6285, 108, 1104, 76),
(6285, 108, 1104, 102),
(6286, 108, 1105, 23),
(6286, 108, 1105, 83),
(6286, 108, 1105, 90),
(6287, 108, 1106, 68),
(6287, 108, 1106, 83),
(6287, 108, 1106, 106),
(6288, 108, 1107, 17),
(6288, 108, 1107, 68),
(6288, 108, 1107, 92),
(6289, 108, 1108, 15),
(6289, 108, 1108, 66),
(6289, 108, 1108, 105),
(6290, 108, 1109, 6),
(6290, 108, 1109, 38),
(6290, 108, 1109, 76),
(6291, 109, 1200, 22),
(6291, 109, 1200, 117),
(6291, 109, 1200, 132),
(6292, 109, 1201, 15),
(6292, 109, 1201, 49),
(6292, 109, 1201, 84),
(6293, 109, 1202, 1),
(6293, 109, 1202, 48),
(6293, 109, 1202, 129),
(6294, 109, 1203, 22),
(6294, 109, 1203, 23),
(6294, 109, 1203, 84),
(6295, 109, 1204, 21),
(6295, 109, 1204, 82),
(6295, 109, 1204, 103),
(6296, 109, 1205, 14),
(6296, 109, 1205, 65),
(6296, 109, 1205, 115),
(6297, 109, 1206, 82),
(6297, 109, 1206, 113),
(6297, 109, 1206, 129),
(6298, 109, 1207, 84),
(6298, 109, 1207, 102),
(6298, 109, 1207, 113),
(6299, 109, 1208, 48),
(6299, 109, 1208, 80),
(6299, 109, 1208, 138),
(6300, 109, 1209, 82),
(6300, 109, 1209, 102),
(6300, 109, 1209, 132),
(6301, 110, 1300, 83),
(6301, 110, 1300, 94),
(6301, 110, 1300, 134),
(6302, 110, 1301, 7),
(6302, 110, 1301, 32),
(6302, 110, 1301, 127),
(6303, 110, 1302, 8),
(6303, 110, 1302, 40),
(6303, 110, 1302, 94),
(6304, 110, 1303, 18),
(6304, 110, 1303, 43),
(6304, 110, 1303, 44),
(6305, 110, 1304, 40),
(6305, 110, 1304, 42),
(6305, 110, 1304, 60),
(6306, 110, 1305, 37),
(6306, 110, 1305, 60),
(6306, 110, 1305, 123),
(6307, 110, 1306, 40),
(6307, 110, 1306, 123),
(6307, 110, 1306, 124),
(6308, 110, 1307, 8),
(6308, 110, 1307, 88),
(6308, 110, 1307, 134),
(6309, 110, 1308, 12),
(6309, 110, 1308, 40),
(6309, 110, 1308, 83),
(6310, 110, 1309, 13),
(6310, 110, 1309, 43),
(6310, 110, 1309, 118),
(6311, 111, 1400, 6),
(6311, 111, 1400, 84),
(6311, 111, 1400, 115),
(6312, 111, 1401, 4),
(6312, 111, 1401, 43),
(6312, 111, 1401, 84),
(6313, 111, 1402, 39),
(6313, 111, 1402, 98),
(6313, 111, 1402, 99),
(6314, 111, 1403, 80),
(6314, 111, 1403, 115),
(6314, 111, 1403, 116),
(6315, 111, 1404, 43),
(6315, 111, 1404, 96),
(6315, 111, 1404, 123),
(6316, 111, 1405, 14),
(6316, 111, 1405, 57),
(6316, 111, 1405, 124),
(6317, 111, 1406, 43),
(6317, 111, 1406, 84),
(6317, 111, 1406, 98),
(6318, 111, 1407, 75),
(6318, 111, 1407, 80),
(6318, 111, 1407, 115),
(6319, 111, 1408, 14),
(6319, 111, 1408, 43),
(6319, 111, 1408, 114),
(6320, 111, 1409, 5),
(6320, 111, 1409, 43),
(6320, 111, 1409, 80),
(6321, 112, 1500, 51),
(6321, 112, 1500, 52),
(6321, 112, 1500, 82),
(6322, 112, 1501, 42),
(6322, 112, 1501, 74),
(6322, 112, 1501, 82),
(6323, 112, 1502, 45),
(6323, 112, 1502, 62),
(6323, 112, 1502, 131),
(6324, 112, 1503, 11),
(6324, 112, 1503, 59),
(6324, 112, 1503, 62),
(6325, 112, 1504, 19),
(6325, 112, 1504, 52),
(6325, 112, 1504, 53),
(6326, 112, 1505, 19),
(6326, 112, 1505, 53),
(6326, 112, 1505, 82),
(6327, 112, 1506, 6),
(6327, 112, 1506, 11),
(6327, 112, 1506, 52),
(6328, 112, 1507, 42),
(6328, 112, 1507, 51),
(6328, 112, 1507, 74),
(6329, 112, 1508, 11),
(6329, 112, 1508, 52),
(6329, 112, 1508, 82),
(6330, 112, 1509, 11),
(6330, 112, 1509, 19),
(6330, 112, 1509, 82),
(6331, 113, 1600, 29),
(6331, 113, 1600, 57),
(6331, 113, 1600, 63),
(6332, 113, 1601, 63),
(6332, 113, 1601, 92),
(6332, 113, 1601, 122),
(6333, 113, 1602, 35),
(6333, 113, 1602, 60),
(6333, 113, 1602, 63),
(6334, 113, 1603, 12),
(6334, 113, 1603, 63),
(6334, 113, 1603, 137),
(6335, 113, 1604, 12),
(6335, 113, 1604, 60),
(6335, 113, 1604, 122),
(6336, 113, 1605, 23),
(6336, 113, 1605, 29),
(6336, 113, 1605, 35),
(6337, 113, 1606, 8),
(6337, 113, 1606, 35),
(6337, 113, 1606, 63),
(6338, 113, 1607, 11),
(6338, 113, 1607, 60),
(6338, 113, 1607, 122),
(6339, 113, 1608, 11),
(6339, 113, 1608, 29),
(6339, 113, 1608, 92),
(6340, 113, 1609, 35),
(6340, 113, 1609, 57),
(6340, 113, 1609, 92),
(6341, 114, 1700, 28),
(6341, 114, 1700, 96),
(6341, 114, 1700, 118),
(6342, 114, 1701, 5),
(6342, 114, 1701, 13),
(6342, 114, 1701, 19),
(6342, 114, 1701, 88),
(6342, 114, 1701, 98),
(6342, 114, 1701, 129),
(6343, 114, 1702, 13),
(6343, 114, 1702, 56),
(6343, 114, 1702, 64),
(6343, 114, 1702, 76),
(6343, 114, 1702, 97),
(6343, 114, 1702, 98),
(6344, 114, 1703, 56),
(6344, 114, 1703, 58),
(6344, 114, 1703, 86),
(6344, 114, 1703, 96),
(6344, 114, 1703, 116),
(6344, 114, 1703, 120),
(6345, 114, 1704, 48),
(6345, 114, 1704, 86),
(6345, 114, 1704, 96),
(6345, 114, 1704, 98),
(6345, 114, 1704, 104),
(6345, 114, 1704, 138),
(6346, 114, 1705, 50),
(6346, 114, 1705, 64),
(6346, 114, 1705, 72),
(6346, 114, 1705, 95),
(6346, 114, 1705, 96),
(6346, 114, 1705, 99),
(6347, 114, 1706, 26),
(6347, 114, 1706, 56),
(6347, 114, 1706, 72),
(6347, 114, 1706, 75),
(6347, 114, 1706, 79),
(6347, 114, 1706, 95),
(6348, 114, 1707, 2),
(6348, 114, 1707, 13),
(6348, 114, 1707, 28),
(6348, 114, 1707, 64),
(6348, 114, 1707, 72),
(6348, 114, 1707, 86),
(6349, 114, 1708, 2),
(6349, 114, 1708, 93),
(6349, 114, 1708, 98),
(6349, 114, 1708, 99),
(6349, 114, 1708, 104),
(6349, 114, 1708, 105),
(6350, 114, 1709, 26),
(6350, 114, 1709, 56),
(6350, 114, 1709, 95),
(6350, 114, 1709, 96),
(6350, 114, 1709, 116),
(6351, 100, 300, 12),
(6351, 100, 300, 20),
(6351, 100, 300, 34),
(6352, 100, 301, 14),
(6352, 100, 301, 20),
(6352, 100, 301, 23),
(6353, 100, 302, 6),
(6353, 100, 302, 14),
(6353, 100, 302, 25),
(6354, 100, 303, 14),
(6354, 100, 303, 34),
(6354, 100, 303, 116),
(6355, 100, 304, 13),
(6355, 100, 304, 20),
(6355, 100, 304, 44),
(6356, 100, 305, 16),
(6356, 100, 305, 20),
(6356, 100, 305, 119),
(6357, 100, 306, 6),
(6357, 100, 306, 89),
(6357, 100, 306, 92),
(6358, 100, 307, 1),
(6358, 100, 307, 23),
(6358, 100, 307, 36),
(6359, 100, 308, 20),
(6359, 100, 308, 34),
(6359, 100, 308, 38),
(6360, 100, 309, 11),
(6360, 100, 309, 12),
(6360, 100, 309, 21),
(6361, 101, 400, 6),
(6361, 101, 400, 12),
(6361, 101, 400, 106),
(6362, 101, 401, 52),
(6362, 101, 401, 63),
(6362, 101, 401, 125),
(6363, 101, 402, 12),
(6363, 101, 402, 52),
(6363, 101, 402, 106),
(6364, 101, 403, 6),
(6364, 101, 403, 52),
(6364, 101, 403, 106),
(6365, 101, 404, 62),
(6365, 101, 404, 113),
(6365, 101, 404, 116),
(6366, 101, 405, 15),
(6366, 101, 405, 106),
(6366, 101, 405, 116),
(6367, 101, 406, 12),
(6367, 101, 406, 15),
(6367, 101, 406, 129),
(6368, 101, 407, 4),
(6368, 101, 407, 13),
(6368, 101, 407, 126),
(6369, 101, 408, 50),
(6369, 101, 408, 62),
(6369, 101, 408, 105),
(6370, 101, 409, 6),
(6370, 101, 409, 45),
(6370, 101, 409, 126),
(6371, 102, 500, 29),
(6371, 102, 500, 114),
(6371, 102, 500, 132),
(6372, 102, 501, 67),
(6372, 102, 501, 130),
(6372, 102, 501, 132),
(6373, 102, 502, 4),
(6373, 102, 502, 71),
(6373, 102, 502, 90),
(6374, 102, 503, 132),
(6374, 102, 503, 133),
(6374, 102, 503, 138),
(6375, 102, 504, 57),
(6375, 102, 504, 130),
(6375, 102, 504, 140),
(6376, 102, 505, 36),
(6376, 102, 505, 57),
(6376, 102, 505, 132),
(6377, 102, 506, 29),
(6377, 102, 506, 117),
(6377, 102, 506, 135),
(6378, 102, 507, 9),
(6378, 102, 507, 36),
(6378, 102, 507, 130),
(6379, 102, 508, 29),
(6379, 102, 508, 67),
(6379, 102, 508, 132),
(6380, 102, 509, 1),
(6380, 102, 509, 36),
(6380, 102, 509, 57),
(6381, 103, 600, 20),
(6381, 103, 600, 21),
(6381, 103, 600, 33),
(6382, 103, 601, 111),
(6382, 103, 601, 125),
(6382, 103, 601, 131),
(6383, 103, 602, 6),
(6383, 103, 602, 21),
(6383, 103, 602, 129),
(6384, 103, 603, 6),
(6384, 103, 603, 105),
(6384, 103, 603, 129),
(6385, 103, 604, 1),
(6385, 103, 604, 22),
(6385, 103, 604, 138),
(6386, 103, 605, 6),
(6386, 103, 605, 26),
(6386, 103, 605, 137),
(6387, 103, 606, 33),
(6387, 103, 606, 130),
(6387, 103, 606, 138),
(6388, 103, 607, 33),
(6388, 103, 607, 111),
(6388, 103, 607, 128),
(6389, 103, 608, 129),
(6389, 103, 608, 131),
(6389, 103, 608, 135),
(6390, 103, 609, 33),
(6390, 103, 609, 129),
(6390, 103, 609, 138),
(6391, 104, 700, 30),
(6391, 104, 700, 32),
(6391, 104, 700, 44),
(6392, 104, 701, 15),
(6392, 104, 701, 32),
(6392, 104, 701, 44),
(6393, 104, 702, 6),
(6393, 104, 702, 50),
(6393, 104, 702, 68),
(6394, 104, 703, 5),
(6394, 104, 703, 6),
(6394, 104, 703, 52),
(6395, 104, 704, 15),
(6395, 104, 704, 25),
(6395, 104, 704, 99),
(6396, 104, 705, 6),
(6396, 104, 705, 50),
(6396, 104, 705, 73),
(6397, 104, 706, 5),
(6397, 104, 706, 6),
(6397, 104, 706, 32),
(6398, 104, 707, 15),
(6398, 104, 707, 30),
(6398, 104, 707, 73),
(6399, 104, 708, 6),
(6399, 104, 708, 50),
(6399, 104, 708, 62),
(6400, 104, 709, 23),
(6400, 104, 709, 25),
(6400, 104, 709, 50),
(6401, 105, 800, 9),
(6401, 105, 800, 11),
(6401, 105, 800, 39),
(6402, 105, 801, 41),
(6402, 105, 801, 58),
(6402, 105, 801, 77),
(6403, 105, 802, 5),
(6403, 105, 802, 39),
(6403, 105, 802, 58),
(6404, 105, 803, 3),
(6404, 105, 803, 7),
(6404, 105, 803, 65),
(6405, 105, 804, 6),
(6405, 105, 804, 15),
(6405, 105, 804, 41),
(6406, 105, 805, 5),
(6406, 105, 805, 6),
(6406, 105, 805, 9),
(6407, 105, 806, 5),
(6407, 105, 806, 31),
(6407, 105, 806, 100),
(6408, 105, 807, 31),
(6408, 105, 807, 70),
(6408, 105, 807, 72),
(6409, 105, 808, 31),
(6409, 105, 808, 38),
(6409, 105, 808, 72),
(6410, 105, 809, 30),
(6410, 105, 809, 100),
(6410, 105, 809, 104),
(6411, 106, 900, 79),
(6411, 106, 900, 83),
(6411, 106, 900, 118),
(6412, 106, 901, 1),
(6412, 106, 901, 68),
(6412, 106, 901, 79),
(6413, 106, 902, 46),
(6413, 106, 902, 68),
(6413, 106, 902, 85),
(6414, 106, 903, 1),
(6414, 106, 903, 12),
(6414, 106, 903, 99),
(6415, 106, 904, 1),
(6415, 106, 904, 23),
(6415, 106, 904, 45),
(6416, 106, 905, 4),
(6416, 106, 905, 85),
(6416, 106, 905, 86),
(6417, 106, 906, 88),
(6417, 106, 906, 99),
(6417, 106, 906, 128),
(6418, 106, 907, 23),
(6418, 106, 907, 33),
(6418, 106, 907, 88),
(6419, 106, 908, 12),
(6419, 106, 908, 13),
(6419, 106, 908, 20),
(6420, 106, 909, 14),
(6420, 106, 909, 68),
(6420, 106, 909, 88),
(6421, 107, 1000, 10),
(6421, 107, 1000, 87),
(6421, 107, 1000, 103),
(6422, 107, 1001, 14),
(6422, 107, 1001, 17),
(6422, 107, 1001, 87),
(6423, 107, 1002, 1),
(6423, 107, 1002, 65),
(6423, 107, 1002, 121),
(6424, 107, 1003, 1),
(6424, 107, 1003, 11),
(6424, 107, 1003, 103),
(6425, 107, 1004, 10),
(6425, 107, 1004, 12),
(6425, 107, 1004, 122),
(6426, 107, 1005, 30),
(6426, 107, 1005, 43),
(6426, 107, 1005, 102),
(6427, 107, 1006, 102),
(6427, 107, 1006, 115),
(6427, 107, 1006, 139),
(6428, 107, 1007, 10),
(6428, 107, 1007, 11),
(6428, 107, 1007, 65),
(6429, 107, 1008, 12),
(6429, 107, 1008, 36),
(6429, 107, 1008, 139),
(6430, 107, 1009, 1),
(6430, 107, 1009, 12),
(6430, 107, 1009, 43),
(6431, 108, 1100, 4),
(6431, 108, 1100, 45),
(6431, 108, 1100, 76),
(6432, 108, 1101, 4),
(6432, 108, 1101, 38),
(6432, 108, 1101, 109),
(6433, 108, 1102, 38),
(6433, 108, 1102, 92),
(6433, 108, 1102, 116),
(6434, 108, 1103, 21),
(6434, 108, 1103, 83),
(6434, 108, 1103, 133),
(6435, 108, 1104, 23),
(6435, 108, 1104, 61),
(6435, 108, 1104, 109),
(6436, 108, 1105, 4),
(6436, 108, 1105, 88),
(6436, 108, 1105, 140),
(6437, 108, 1106, 42),
(6437, 108, 1106, 61),
(6437, 108, 1106, 106),
(6438, 108, 1107, 15),
(6438, 108, 1107, 41),
(6438, 108, 1107, 102),
(6439, 108, 1108, 17),
(6439, 108, 1108, 88),
(6439, 108, 1108, 105),
(6440, 108, 1109, 88),
(6440, 108, 1109, 97),
(6440, 108, 1109, 106),
(6441, 109, 1200, 57),
(6441, 109, 1200, 80),
(6441, 109, 1200, 129),
(6442, 109, 1201, 49),
(6442, 109, 1201, 82),
(6442, 109, 1201, 115),
(6443, 109, 1202, 15),
(6443, 109, 1202, 49),
(6443, 109, 1202, 84),
(6444, 109, 1203, 68),
(6444, 109, 1203, 82),
(6444, 109, 1203, 84),
(6445, 109, 1204, 57),
(6445, 109, 1204, 68),
(6445, 109, 1204, 132),
(6446, 109, 1205, 65),
(6446, 109, 1205, 115),
(6446, 109, 1205, 117),
(6447, 109, 1206, 57),
(6447, 109, 1206, 97),
(6447, 109, 1206, 138),
(6448, 109, 1207, 1),
(6448, 109, 1207, 22),
(6448, 109, 1207, 92),
(6449, 109, 1208, 97),
(6449, 109, 1208, 99),
(6449, 109, 1208, 132),
(6450, 109, 1209, 68),
(6450, 109, 1209, 92),
(6450, 109, 1209, 129),
(6451, 110, 1300, 7),
(6451, 110, 1300, 94),
(6451, 110, 1300, 127),
(6452, 110, 1301, 13),
(6452, 110, 1301, 37),
(6452, 110, 1301, 60),
(6453, 110, 1302, 22),
(6453, 110, 1302, 32),
(6453, 110, 1302, 118),
(6454, 110, 1303, 20),
(6454, 110, 1303, 22),
(6454, 110, 1303, 40),
(6455, 110, 1304, 32),
(6455, 110, 1304, 74),
(6455, 110, 1304, 94),
(6456, 110, 1305, 60),
(6456, 110, 1305, 94),
(6456, 110, 1305, 107),
(6457, 110, 1306, 22),
(6457, 110, 1306, 44),
(6457, 110, 1306, 60),
(6458, 110, 1307, 20),
(6458, 110, 1307, 22),
(6458, 110, 1307, 44),
(6459, 110, 1308, 7),
(6459, 110, 1308, 60),
(6459, 110, 1308, 118),
(6460, 110, 1309, 13),
(6460, 110, 1309, 20),
(6460, 110, 1309, 40),
(6461, 111, 1400, 14),
(6461, 111, 1400, 111),
(6461, 111, 1400, 119),
(6462, 111, 1401, 21),
(6462, 111, 1401, 43),
(6462, 111, 1401, 83),
(6463, 111, 1402, 39),
(6463, 111, 1402, 94),
(6463, 111, 1402, 95),
(6464, 111, 1403, 43),
(6464, 111, 1403, 83),
(6464, 111, 1403, 94),
(6465, 111, 1404, 43),
(6465, 111, 1404, 95),
(6465, 111, 1404, 119),
(6466, 111, 1405, 39),
(6466, 111, 1405, 83),
(6466, 111, 1405, 123),
(6467, 111, 1406, 14),
(6467, 111, 1406, 95),
(6467, 111, 1406, 98),
(6468, 111, 1407, 15),
(6468, 111, 1407, 99),
(6468, 111, 1407, 119),
(6469, 111, 1408, 43),
(6469, 111, 1408, 94),
(6469, 111, 1408, 111),
(6470, 111, 1409, 4),
(6470, 111, 1409, 99),
(6470, 111, 1409, 115),
(6471, 112, 1500, 62),
(6471, 112, 1500, 75),
(6471, 112, 1500, 82),
(6472, 112, 1501, 42),
(6472, 112, 1501, 51),
(6472, 112, 1501, 98),
(6473, 112, 1502, 42),
(6473, 112, 1502, 62),
(6473, 112, 1502, 82),
(6474, 112, 1503, 45),
(6474, 112, 1503, 75),
(6474, 112, 1503, 82),
(6475, 112, 1504, 42),
(6475, 112, 1504, 51),
(6475, 112, 1504, 75),
(6476, 112, 1505, 38),
(6476, 112, 1505, 51),
(6476, 112, 1505, 100),
(6477, 112, 1506, 11),
(6477, 112, 1506, 74),
(6477, 112, 1506, 111),
(6478, 112, 1507, 51),
(6478, 112, 1507, 52),
(6478, 112, 1507, 100),
(6479, 112, 1508, 6),
(6479, 112, 1508, 42),
(6479, 112, 1508, 51),
(6480, 112, 1509, 42),
(6480, 112, 1509, 45),
(6480, 112, 1509, 52),
(6481, 113, 1600, 23),
(6481, 113, 1600, 29),
(6481, 113, 1600, 63),
(6482, 113, 1601, 54),
(6482, 113, 1601, 130),
(6482, 113, 1601, 137),
(6483, 113, 1602, 57),
(6483, 113, 1602, 83),
(6483, 113, 1602, 137),
(6484, 113, 1603, 8),
(6484, 113, 1603, 60),
(6484, 113, 1603, 133),
(6485, 113, 1604, 12),
(6485, 113, 1604, 33),
(6486, 113, 1605, 12),
(6486, 113, 1605, 23),
(6486, 113, 1605, 57),
(6487, 113, 1606, 12),
(6487, 113, 1606, 92),
(6488, 113, 1607, 8),
(6488, 113, 1607, 35),
(6488, 113, 1607, 137),
(6489, 113, 1608, 35),
(6489, 113, 1608, 83),
(6489, 113, 1608, 137),
(6490, 113, 1609, 3),
(6490, 113, 1609, 23),
(6490, 113, 1609, 54),
(6491, 114, 1700, 56),
(6491, 114, 1700, 88),
(6491, 114, 1700, 135),
(6492, 114, 1701, 2),
(6492, 114, 1701, 5),
(6492, 114, 1701, 16),
(6492, 114, 1701, 86),
(6492, 114, 1701, 104),
(6492, 114, 1701, 116),
(6493, 114, 1702, 2),
(6493, 114, 1702, 75),
(6493, 114, 1702, 93),
(6493, 114, 1702, 96),
(6493, 114, 1702, 118),
(6493, 114, 1702, 120),
(6494, 114, 1703, 39),
(6494, 114, 1703, 45),
(6494, 114, 1703, 50),
(6494, 114, 1703, 97),
(6494, 114, 1703, 135),
(6494, 114, 1703, 138),
(6495, 114, 1704, 13),
(6495, 114, 1704, 26),
(6495, 114, 1704, 64),
(6495, 114, 1704, 95),
(6495, 114, 1704, 97),
(6495, 114, 1704, 120),
(6496, 114, 1705, 2),
(6496, 114, 1705, 16),
(6496, 114, 1705, 75),
(6496, 114, 1705, 79),
(6496, 114, 1705, 88),
(6496, 114, 1705, 105),
(6497, 114, 1706, 19),
(6497, 114, 1706, 56),
(6497, 114, 1706, 95),
(6497, 114, 1706, 104),
(6497, 114, 1706, 138),
(6498, 114, 1707, 2),
(6498, 114, 1707, 28),
(6498, 114, 1707, 75),
(6498, 114, 1707, 88),
(6498, 114, 1707, 120),
(6498, 114, 1707, 129),
(6499, 114, 1708, 39),
(6499, 114, 1708, 45),
(6499, 114, 1708, 88),
(6499, 114, 1708, 95),
(6499, 114, 1708, 97),
(6499, 114, 1708, 129),
(6500, 114, 1709, 48),
(6500, 114, 1709, 88),
(6500, 114, 1709, 96),
(6500, 114, 1709, 99);

-- --------------------------------------------------------

--
-- Table structure for table `product_test`
--

CREATE TABLE `product_test` (
  `product_id` int(10) NOT NULL,
  `product_name` varchar(255) NOT NULL,
  `product_description` varchar(1000) NOT NULL,
  `p_type` varchar(15) NOT NULL,
  `temp` varchar(2) NOT NULL
) ENGINE=InnoDB DEFAULT CHARSET=latin1;

--
-- Dumping data for table `product_test`
--

INSERT INTO `product_test` (`product_id`, `product_name`, `product_description`, `p_type`, `temp`) VALUES
(1, 'Big Mac', 'Mouthwatering perfection starts with two 100% pure beef patties and Big Mac sauce sandwiched between a sesame seed bun.  It\'s topped off with pickles, crisp shredded lettuce, finely chopped onion and American cheese.', 'burger', ''),
(2, 'Poutine', 'Rich and tasty gravy? Melty, mouth-watering cheese curds? On our World Famous Fries?', 'sides', ''),
(3, 'Sausage, Egg & Cheese McGriddles', 'Sausage, Egg & Cheese McGriddles?? feature soft, warm griddle cakes? ?with the sweet taste of maple? ?that hold a fluffy folded egg, savory sausage, and melty American cheese. McGriddles cakes have no artificial preservatives or flavors and no colors from artificial sources.', 'bfast', ''),
(4, 'Mexican Cheesy Fries', 'Loaded with yummy cheese sauce and tangy Mexican salsa, these fries were a treat for both salsa and cheese lovers. Loaded with yummy cheese sauce and tangy Mexican salsa, these fries were a treat for both salsa and cheese lovers\n\n', 'sides', ''),
(5, 'Apple Slices', 'A wholesome, tasty side made from real apples. Specially selected varieties mean our apple slices are always crisp and juicy, making for a tasty snack with 15 calories per labelled serving.', 'sides', ''),
(6, 'Egg McMuffin', 'Our Egg McMuffin?? breakfast sandwich is an excellent source of protein and oh so delicious. We place a freshly cracked Grade A egg on a toasted English Muffin topped with real butter and add lean Canadian bacon and melty American cheese. There are 300 calories in an Egg McMuffin', 'bfast', ''),
(7, 'Quarter Pounder with Cheese', 'Each Quarter Pounder?? with Cheese burger features a ?? lb.* of 100% fresh beef that \'s hot, deliciously juicy and cooked when you order.  It\'s seasoned with just a pinch of salt and pepper, sizzled on a flat iron grill, then topped with slivered onions, tangy pickles and two slices of melty American cheese on a sesame seed bun. Our QPC?? contains no artificial flavors, preservatives or added colors from artificial sources.', 'burger', ''),
(8, 'Double Quarter Pounder with Cheese', 'Each Double Quarter Pounder with Cheese features two quarter pound* 100% fresh beef burger patties that are hot, deliciously juicy and cooked when you order. McDonald\'s beef patties are seasoned with just a pinch of salt and pepper, sizzled on a flat iron grill, then topped with slivered onions, tangy pickles and two slices of melty cheese on a sesame seed bun. It contains no artificial flavors, preservatives or added colors from artificial sources.', 'burger', ''),
(9, 'McDouble', 'A classic double burger from McDonald\'s, the McDouble?? stacks two 100% pure beef patties seasoned with just a pinch of salt and pepper.  It\'s topped with tangy pickles, chopped onions, ketchup, mustard and a slice of melty American cheese. It contains no artificial flavors, preservatives or added colors from artificial sources', 'burger', ''),
(10, 'Cheeseburger', 'Our simple, classic cheeseburger begins with a 100% pure beef patty seasoned with just a pinch of salt and pepper. It\'s topped with a tangy pickle, chopped onions, ketchup, mustard, and a slice of melty American cheese. It contains no artificial flavors, preservatives or added colors from artificial sources', 'burger', ''),
(11, 'Double Cheeseburger', 'The McDonald\'s Double Cheeseburger features two 100% pure beef burger patties seasoned with just a pinch of salt and pepper.  It\'s topped with tangy pickles, chopped onions, ketchup, mustard and two slices of melty American cheese. It contains no artificial flavors, preservatives or added colors from artificial sources.', 'burger', ''),
(12, 'COKE', 'COKE is a refreshing McDonald\'s soda option that complements all of your menu favorites', 'beverage', 'c'),
(13, 'Fanta Orange', 'Caffeine-free Fanta?? Orange full of bubbly, refreshing orange flavor. Available in Extra Small, Small, Medium, and Large.', 'beverage', 'c'),
(14, 'Sprite', 'Sprite fountain drink has a delicious lemon-lime taste and is available in sizes Extra Small, Small, Medium, and Large. Sprite is a caffeine-free soft drink and makes the perfect addition to any McDonald\'s??Combo Meal.', 'beverage', 'c'),
(15, 'Diet Coke', 'Icy cold Diet Coke??, with zero calories. Fountain drink available in Extra Small, Small, Medium and Large', 'beverage', 'c'),
(16, 'Chocolate Shake', 'McDonald\'s Chocolate Shake is a delicious chocolate dessert made with our creamy vanilla soft serve and chocolate syrup, topped with whipped topping. Available in Small, Medium and Large.', 'dessert', 'c'),
(17, 'Vanilla Shake', 'The classic vanilla shake from McDonald\'s.  It\'s made with our creamy vanilla soft serve and topped with whipped topping for a cool, tasty treat. Available in small, medium, and large', 'dessert', 'c'),
(18, 'Strawberry Shake', 'McDonald\'s Strawberry Shake is made with creamy vanilla soft serve, blended with strawberry syrup and topped with whipped topping. Available in Small, Medium, and Large.', 'dessert', 'c'),
(19, 'Vanilla Cone', 'Enjoy our creamy vanilla soft serve in a crispy cone!', 'dessert', 'c'),
(20, 'Chocolate Chip Cookie', 'McDonald\'s classic chocolate chip cookie, loaded with chocolate chips. It\'s a soft baked cookie and warmed to perfection.', 'sides', 'c'),
(21, 'Hot Fudge Sundae', 'Our classic hot fudge sundae is made with creamy vanilla soft serve and smothered in chocolaty hot fudge topping. There are 330 calories in a Hot Fudge Sundae at McDonald\'s.', 'dessert', 'c'),
(22, 'Hot Caramel Sundae', 'Treat yourself to a Hot Caramel Sundae at McDonald\'s! This Caramel Sundae combines creamy vanilla soft serve and warm, buttery caramel topping.??', 'dessert', 'c'),
(23, 'McFlurry with M&M\'S Candies', 'The McDonald\'s M&M ?? McFlurry?? is a sweet, creamy M&M\'S? dessert of vanilla soft serve with M&M\'S? chocolate candies swirled in. Available in Regular Size and Snack Size.', 'dessert', 'c'),
(24, 'McFlurry with OREO Cookies', 'The McDonald\'s McFlurry?? with OREO?? Cookies is an popular combination of OREO?? pieces and vanilla soft serve! Available in Regular Size and Snack Size', 'dessert', 'c'),
(25, 'Kiddie Cone', 'Our Kiddie Cone is the perfect sweet little treat made with creamy McDonald\'s soft serve and a crispy mini cone! Grab a kid\'s cone when you\'re craving a little something sweet', 'dessert', 'c'),
(26, 'Bacon, Egg & Cheese Biscuit', 'The McDonald\'s Bacon, Egg & Cheese Biscuit breakfast sandwich features a warm, buttermilk biscuit brushed with real butter, thick cut Applewood smoked bacon, a fluffy folded egg, and a slice of melty American cheese. There are 460 calories in a Bacon, Egg & Cheese Biscuit at McDonald\'s.', 'bfast', ''),
(27, 'Sausage McMuffin? with Egg', 'McDonald\'s Sausage McMuffin?? with Egg features a savory hot sausage, a slice of melty American cheese, and a delicious freshly cracked egg all on a freshly toasted English muffin. There are 480 calories in Sausage McMuffin?? with Egg at McDonald\'s.', 'bfast', ''),
(28, 'Sausage Biscuit', 'McDonald\'s Sausage Biscuit is the perfect sausage breakfast sandwich, made with sizzling hot sausage on a warm buttermilk biscuit that \'s topped with real butter and baked to perfection.', 'bfast', ''),
(29, 'Hotcakes', 'Three golden brown, melt-in-your-mouth hotcakes with a side of real butter and the sweet flavor of maple.', 'bfast', ''),
(30, 'Sausage Burrito', 'The Sausage Burrito is McDonald\'s Breakfast Burrito and is loaded with fluffy scrambled egg, pork sausage, melty cheese, green chiles and onion! It\'s wrapped in a soft tortilla, making it the perfect grab and go breakfast.??', 'roll', ''),
(31, 'Hash Browns', 'Our Hash Browns are deliciously tasty and perfectly crispy. These shredded potato hash brown patties are prepared so they \'re fluffy on the inside and crispy and toasty on the outside. There are 140 calories in McDonald\'s Hash Browns.', 'sides', ''),
(32, 'Hot n Spicy McChicken Biscuit', 'Our Hot ??? n Spicy McChicken Biscuit is a delicious breakfast sandwich with just the right amount of spice.  It\'s a spicy, crispy chicken fillet on a warm buttermilk biscuit that \'s baked to perfection and brushed with real butter.', 'bfast', ''),
(33, 'Blueberry Muffin', 'A soft and fluffy muffin baked with real blueberries and topped with a streusel crumb topping that goes wonderfully with a??Premium Roast Coffee.', 'dessert', ''),
(34, 'Premium Roast Coffee', 'Treat yourself to a cup of our simple, satisfying morning coffee. Made with 100% Arabica beans, McCaf???? Premium Roast Coffee is expertly roasted and freshly brewed every 30 minutes. Enjoy your hot coffee black or with your choice of sugar, sweetener, and dairy or creamer. Available in Small, Medium, and Large.', 'coffee', 'h'),
(35, 'Schnitzel Burger', 'For all Schnitty lovers out there, this is for you: a crispy chicken patty with juicy tomato, crunchy coleslaw and jack cheese on a gourmet bun. But hurry, it won?t last long.', 'burger', ''),
(36, 'McChicken', 'The McChicken?? is a delightfully crispy chicken sandwich with a crispy chicken fillet topped with mayonnaise, shredded iceberg lettuce, and served on a perfectly toasty bun.', 'burger', ''),
(37, 'Buttermilk Crispy Chicken Sandwich', 'McDonald\'s Buttermilk Crispy Chicken Sandwich is made with all white meat chicken and no added colors. It\'s layered with crisp, green leaf lettuce and tasty tomato and mayonnaise and served up on a delectable artisan roll.??', 'burger', ''),
(38, 'Cinnamon Roll', 'Served warm and loaded with cinnamon layered between buttery, flaky pastry dough that is drizzled with a delicious cream cheese icing. This treat pairs best with a??Premium Roast Coffee.', 'dessert', ''),
(39, 'Baked Apple Pie', 'McDonald\'s Baked Apple Pie is loaded with 100% American-grown apples, with a lattice crust baked to perfection and topped with sprinkled sugar. Pair it with a??Hot Caramel Sundae??for your own twist on Apple Pie A-La-Mode!', 'dessert', 'h'),
(40, 'Apple Fritter', 'A classic fritter made with cinnamon and apples fried to a golden brown and covered with a sweet glaze icing. Pair it perfectly with a??Premium Roast Coffee.', 'dessert', 'c'),
(41, 'J Balvin', 'Nobody does it like J? ?especially when it comes to McDonald\'s. That \'s why his go-to burger features not one, but two 100% pure beef patties on a sesame seed bun. Top that off with onions, shredded lettuce and a slice of melty American cheese, plus everybody \'s favorite Big Mac sauce. Oh, and it comes with pickles, too, but J likes his without.', 'burger', ''),
(42, 'Hamburger', 'The original burger starts with a 100% pure beef patty seasoned with just a pinch of salt and pepper, then topped with a tangy pickle, chopped onions, ketchup and mustard. It contains no artificial flavors, preservatives or added colors from artificial sources', 'burger', ''),
(43, 'Latte', 'Warm up with a rich, hot Latte, made from Rainforest Alliance Certified?? espresso. Customize the Latte that \'s made fresh just for you with steamed whole or nonfat milk, mixed with your choice of flavor at certain locations. Available in Small, Medium, and Large.', 'coffee', 'h'),
(44, 'Cappuccino', 'A warm, comforting Cappuccino made with whole or nonfat steamed milk, bold espresso made from sustainably sourced beans, foamed milk, and your choice of flavor.', 'coffee', 'h'),
(45, 'Caramel Cappuccino', 'A??warm, comforting Caramel Cappuccino made with whole or nonfat steamed milk, bold espresso made from sustainably-sourced beans, fluffy foam, and buttery caramel flavor.', 'coffee', 'h'),
(46, 'Caramel Macchiato', 'Caramel Macchiato made with our rich, dark-roast espresso served with steamed whole or nonfat milk, mixed with sweet caramel syrup, and topped with ribbons of buttery caramel.', 'coffee', 'h'),
(47, 'French Vanilla Cappuccino', 'A??warm, comforting French Vanilla Cappuccino made with whole or nonfat steamed milk, bold espresso made from sustainably-sourced beans, fluffy foam, and rich French Vanilla flavor', 'coffee', 'h'),
(48, 'Iced Caramel Macchiato', 'iced Caramel Macchiato made with our rich, dark-roast espresso served with iced whole or nonfat milk, mixed with sweet caramel syrup, and topped with buttery caramel drizzle.', 'coffee', 'c'),
(49, 'Mocha', 'ur McCaf???? Mocha is made with espresso beans that are sustainably sourced from Rainforest Alliance Certified?? farms, steamed whole or nonfat milk, chocolate syrup, and topped with whipped topping and chocolate drizzle. Enjoy this hot mocha treat, full of earthy chocolaty flavor and rich creaminess. Available in Small, Medium, and Large', 'coffee', 'h'),
(50, 'McSPICY CHICKEN', 'Tender and juicy boneless chicken thigh meat coated in crispy batter with a kick of spice topped with a creamy sauce and crispy shredded lettuce will have you craving for more!', 'burger', ''),
(51, 'BIGSPICY CHICKEN WRAP', 'Enjoy tender, juicy chicken coats with a hot & crispy batter and dressed with fresh salad consisting of lettuce, onions, tomatoes & seasonings. Further topped with delicious, creamy sauce and supple cheese slices that\'ll make your tongue tingle with joy.', 'roll', ''),
(52, 'McSPICY PANEER', 'Crispy and spicy paneer will spice up your taste quotient. Creamy sauce and crispy lettuce topping will sooth that extra spice', 'burger', ''),
(53, 'BIGSPICY PANEER WRAP', 'Exquisitely picked, soft and tender paneer overwhelmed with a fiery, crunchy batter and dressed with fresh veggies & seasonings. Generously topped with creamy sauce and a dash of mustard & melted cheese that will surprise your tastes buds each time you sink your teeth into it.', 'roll', ''),
(54, 'McALLO TIKKI', 'A tikki delight: Potato and peas patty topped with veg sauce, ketchup, tomatoes and onions', 'burger', ''),
(55, 'VEG PIZZA McPUFF', 'Crispy brown crust with a generous helping of rich tomato sauce, mixed with carrots, bell peppers, beans, onions and mozzarella.', 'sides', ''),
(56, 'COKE FLOAT', 'Fizzy treat of Coke topped with soft vanilla ice-cream, for your sweet-fix.', 'dessert', 'c'),
(57, 'ICED TEA', 'A sharp blend of aromatic teas, infused with fruity delight of peach, lemon or strawberries.', 'coffee', 'c'),
(58, 'Baked Strawberry Pie', 'Warm strawberry filling made with real strawberry pieces and surrounded by flaky golden brown crust. Sweet, delicious and baked fresh daily.', 'dessert', 'c'),
(59, 'SAUSAGE McMUFFIN', 'Sizzling aromatic sausage accompanied by the freshly steamed egg between the two slices of freshly baked English muffin. A wholesome breakfast!', 'bfast', ''),
(60, 'Fruit & Maple Oatmeal', 'Our Fruit and Maple Oatmeal has two full servings of whole-grain oats and a touch of cream. McDonald\'s oatmeal is loaded with red and green apples, cranberries, and two varieties of raisins for a hearty, wholesome breakfast of whole-grain oatmeal and fruit. You can have it just how you like it, with or without brown sugar!', 'bfast', ''),
(61, 'VEG McMUFFIN', 'Waking up to a steamy Veg McMuffin, a golden Hash Brown and a freshly brewed Cappuccino is what you need for the day.', 'burger', ''),
(62, 'CHICKEN MAHARAJA MAC', 'The New Chicken Maharaja Mac is one of the tallest burgers innovated by McDonald\'s India and addresses the customers need for fillingness. The chunky juicy grilled chicken patty is filled with fresh and premium ingredients such as jalape??o, onion, cheddar cheese, tomatoes and crunchy lettuce dressed with the classical Habanero sauce.', 'burger', ''),
(63, 'VEG MAHARAJA MAC', 'First time ever Veg Maharaja Mac prepared with Big Mac sesame seeds bun; sandwiched with rich & crusty cheesy corn patty, topped with chunky vegetable-cocktail sauce served with pungent jalape??o slices, red onion slices, cheddar cheese slice & crisp iceberg lettuce', 'burger', ''),
(64, 'McVEGGIE', 'A delectable patty made of green goodness, potatoes, peas, carrots and selection of Indian spices. Topped with crispy lettuce, mayonnaise, packed into sesame toasted buns.', 'burger', ''),
(65, 'FRENCH FRIES', 'The crisp, craveable, fan favorite. World Famous Fries??.Our French fries are born from premium potatoes such as the Russet Burbank and the Shepody. With 0g of trans fat per labeled serving, these epic fries are crispy and golden on the outside and fluffy on the inside.', 'sides', ''),
(66, 'FILET-O-FISH', 'Dive into our wild-caught fish sandwich! Our fish filet is made with Alaskan Pollock sourced from sustainable fisheries, topped with melty American cheese and creamy tartar sauce, and served on a soft, steamed bun.', 'burger', ''),
(67, 'Cream & Onion Fries', 'the Cream & Onion fries are as American as it gets. Launched under the Flavours Without Borders campaign, these fries promise a creamy taste that will make you come back for more. I', 'sides', ''),
(68, 'MCWINGS', 'If chicken \'s your thing, our McWings will send you right over the edge. Coated with a light batter, we guarantee you \'ll be impressed.', 'sides', ''),
(69, 'FILTER COFFEE', '100 % Arabica coffee powder brewed in hot water, filtered out fresh and served with dairy creamer to help you achieve Coffee nirvana!', 'coffee', 'h'),
(70, 'COLD COFFEE', 'Cool yourself down instantly with your regular cold coffee swirled with ice, or find a new favourite from our McCaf?? frapp?? range.', 'coffee', 'c'),
(71, 'PLAIN TEA', 'Bring in a beautiful day or finish your McMeal with a cup of aromatic, creamy tea.', 'coffee', 'h'),
(72, 'McSWIRL', 'Break those chocolatey walls and reach the soft mushy vanilla ice-cream inside.', 'dessert', 'c'),
(73, 'McFLURRY', 'Taste the clouds with the soft vanilla serve, topped with creamy Oreo, chunky chocolate crunch or sinful caramel.', 'dessert', 'c'),
(74, 'BROWNIE & HOT FUDGE', 'Sweet flavoured paradise of soft vanilla ice-cream that melts in mouth and surprises with a blast of chocolate or strawberry', 'dessert', 'c'),
(75, 'SOFT SERVE ', 'Soft vanilla ice-cream with a surprise of chocolate or strawberry that soothes your taste buds.', 'dessert', 'c'),
(76, 'MCSHAKE STRAWBERRY', 'Creamy low fat ice cream with strawberry flavored deliciousness? ?topped off with loads of love.', 'dessert', 'c'),
(77, 'Small Minute Maid Blue Raspberry Slushie', 'Turn up summer with this Minute Maid? Blue Raspberry Slushie, full of sweet, fruity blue raspberry flavor, available only at McDonald?s.', 'beverage', 'c'),
(78, 'THUMS UP', 'Taste the chilling thunder.', 'beverage', 'c'),
(79, 'Boerie Burger', 'The Boerie Burger has the flavours of a South African favourite, featuring a boerie patty topped with grilled fresh onion, ketchup and mustard on a freshly toasted bun.', 'burger', ''),
(80, 'McRoyale', 'A mouth-watering 100% beef patty, cheese, shredded lettuce, tomato, pickles and onion, McChicken?? sauce, mustard and ketchup on freshly toasted sesame seed bun.', 'burger', ''),
(81, 'Cajun Chicken', 'If you like it hot, this burger is made with a tender chicken patty seasoned and battered in cajun spice.', 'burger', ''),
(82, 'McArabia', 'One of its kind! Two grilled chicken patties (de-boned breast meat), Arabic bread, lettuce, tomatoes, onions, garlic sauce give you a unique and unforgettable taste.', 'burger', ''),
(83, 'Chicken Foldover', '2 Succulent tender chicken patties wrapped in a flatbread together with crispy lettuce, onion, tomato and garlic mayo.', 'roll', ''),
(84, 'Double Jalapeno Chicken', 'If a single isn \'t good enough to satisfy your craving, go for the double. 2 chicken patties with shredded lettuce, onion, tomato and our famous jalape??o sauce on a freshly toasted bun.', 'burger', ''),
(85, 'McFeast', 'The McFeast????is served with two 100% beef patties, 4.5 inch bun, two slices of cheese, fresh onion, lettuce, tomato with our special braai and McChicken?? sauces.', 'burger', ''),
(86, 'Spicy Quarter Pounder with Cheese', 'A quarter-pounder patty of 100% beef, with two slices of pepper jack cheese, onions, jalapenos, mustard and a spicy ketchup in a sesame seed bun.', 'burger', ''),
(87, 'Quarter Pounder Deluxe', '100% beef patties, shredded lettuce, a slice of tomato, one slice of cheese, pickles, fresh onions, cool mayo, ketchup, and mustard all in a round sesame topped bun.', 'burger', ''),
(88, 'McChicken BLT', 'Crispy coated chicken with a classic combination of bacon, lettuce and tomato, Emmental cheese and our sandwich sauce, in a soft, sesame-topped bun.', 'burger', ''),
(89, 'Nacho Cheese Wedges', '5 Nacho Cheese Wedges filled with spicy Jalapeno slices, served with sour cream and chive dip.', 'sides', ''),
(90, 'Crispy Chicken Salad', 'Freshly prepared salad with chicken breast in a crispy coating, lettuce, cucumber, sliced tomato.', 'sides', ''),
(91, 'Crispy Chicken and Bacon Salad', 'Freshly prepared salad with chicken breast in a crispy coating, bacon, lettuce, cucumber, sliced tomato.', 'sides', ''),
(92, 'Triple Cheeseburger', 'Three 100% beef patties, onions, pickles, ketchup, mustard and cheese in a soft, toasted bun.', 'burger', ''),
(93, 'Muffin with Jam', 'A toasted English muffin with jam.', 'dessert', ''),
(94, 'Mayo Chicken', 'Think crispy coated chicken with lettuce and cool mayo in a deliciously soft bun. How can you resist?', 'burger', ''),
(95, 'Bacon Mayo Chicken', 'Crispy coated chicken with bacon, lettuce and cool mayo in a toasted bun', 'burger', ''),
(96, 'Side Salad', 'New freshly prepared salad with lettuce, cucumber, sliced tomato.', 'sides', ''),
(97, 'Bacon Roll', ' It\'s a classic ?   delicious bacon with a choice of ketchup or brown sauce, served on a soft, white roll.', 'roll', ''),
(98, 'Cheesy Bacon Flatbread', 'Bacon and melted cheese in a freshly toasted flatbread. The perfect way to start the day.', 'bfast', ''),
(99, 'Pancakes & Syrup', 'Any day that begins with three pancakes drizzled in golden, delicious syrup is gearing up to be a pretty good one.', 'bfast', ''),
(100, 'Choc Chip Muffin', 'Delicious chocolate muffin filled with Choc Chip.', 'dessert', 'h'),
(101, 'Veggie Dippers - 4 pieces', 'A tasty blend of red pepper and sundried tomato pesto, all coated in crispy golden breadcrumbs', 'sides', ''),
(102, 'Millionaire\'s Donut', 'An indulgent iced caramel doughnut with gooey caramel filling, topped with biscuit pieces and a dark cocoa drizzle.', 'dessert', 'c'),
(103, 'The BBQ and Bacon Chicken One - Crispy', 'Make it a meal to remember with crispy chicken breast strips, plus bacon with smoky BBQ sauce, cool mayo, tomato and lettuce in a soft, toasted tortilla wrap.', 'roll', ''),
(104, 'The Sweet Chilli Chicken One Crispy', 'Try crispy chicken breast with a sweet chilli sauce, cool mayo, lettuce and cucumber in a soft, toasted tortilla wrap.??', 'roll', ''),
(105, 'Chocolate Milkshake', 'Some days just require a chocolate milkshake', 'dessert', 'c'),
(106, 'Strawberry Milkshake', 'Our deliciously thick strawberry milkshake is a treat whatever the time of day.', 'dessert', 'c'),
(107, 'Banana Milkshake', 'Our banana milkshake is a firm favourite.??', 'dessert', 'c'),
(108, 'Carrot Bag', 'One of your five-a-day, a great on-the-go snack', 'sides', ''),
(109, 'Apple & Grape Fruit Bag', 'For a tasty snack on the go, try our Apple and Grape Fruit Bag', 'sides', ''),
(110, 'Vegetable Deluxe', 'Red pesto veggie goujons with sandwich sauce and shredded lettuce in a sesame topped bun.', 'burger', ''),
(111, 'Iced Latte', 'Our coffee just got cooler. Made with a double shot of freshly ground espresso. Simply add yourself for the perfect summer pairing.', 'coffee', 'c'),
(112, 'The Spicy Veggie One', 'Red pesto veggie goujons with spicy relish, tomato, lettuce and red onion in a soft, toasted tortilla wrap.', 'roll', ''),
(113, 'Sugar Donut', 'Its a classic. A soft ring donut, dusted in sugar and totally delicious.', 'dessert', 'c'),
(114, 'Toffee Latte', 'A smooth latte, blended with a sweet toffee syrup and topped with cream.', 'coffee', 'c'),
(115, 'Triple Chocolate Cookie', 'Soft, chocolatey and completely delicious, this chocolate chip cookie is packed with chunks of milk, dark and white chocolate.', 'sides', ''),
(116, 'Hot Chocolate', 'A silky treat made with a rich, chocolate syrup. Comfort in a cup.', 'dessert', 'h'),
(117, 'Flat White', 'A double shot of espresso blended with steamed and slightly frothed organic milk.', 'coffee', 'h'),
(118, 'Pancakes & Sausage with Syrup', 'Three golden pancakes served with a lightly seasoned pork sausage patty, and rich syrup.', 'bfast', ''),
(119, 'BBQ Bacon Angus', 'Our new gourmet BBQ sauce, crispy bacon, and a thicker, juicier, 100% Angus beef patty.', 'burger', ''),
(120, 'Spicy Chicken Clubhouse', 'the Chicken Clubhouse you know and love now has a spicy twist with the introduction of the Spicy Chicken Clubhouse. Mouth-watering 100% Aussie Chicken breast, tasty rasher bacon, caramelised onions, tomato, lettuce, spicy Sriracha sauce and our legendary Big Mac special sauce.', 'burger', ''),
(121, 'Classic Chicken Salad', 'Chicken, lettuce, grape tomatoes, shaved parmesan and your choice of cream Caesar or Balsamic dressing.', 'sides', ''),
(122, 'Chicken Caesar Salad', 'Chicken, lettuce, bacon, shaved parmesan and your choice of creamy Caesar dressing.', 'sides', ''),
(123, 'Chicken Caesar McWrap', 'The Chicken Caesar McWrap, Made with juicy 100% Aussie Chicken Breast Fillet, Lettuce, Rasher Bacon, Shaved Parmesan and Caesar dressing, all wrapped up in a delicious wholemeal tortilla.', 'roll', ''),
(124, 'Garden Salad', 'Prepared fresh daily, we mix a gourmet salad of crisp lettuce, perfectly ripened tomato and cucumber slices, from farmers across Australia. Take it how you like, with a choice of balsamic vinegar, Caesar or Italian dressing. Note, kJ information is for salad without dressing.', 'sides', ''),
(125, 'Gravy Loaded Fries', 'Our Gravy Loaded Fries are so delicious they\'ll have you scraping the gravy off the carton and running back for more. Get your hands on some today.', 'sides', ''),
(126, 'Chicken McNuggets', 'Everything\'s better when it\'s bite-sized. Like our nuggets made with tender juicy 100% Aussie Chicken breast in a crisp tempura coating, with no artificial colours, flavours or preservatives!', 'sides', ''),
(127, 'Wholemeal Snack Wrap', 'With a strip of succulent 100% Aussie chicken breast fillet, we add fresh lettuce and creamy mayonnaise, hand wrapped in a delicious Wholemeal wrap, made with 100% Aussie Wheat.', 'roll', ''),
(128, 'Classic Beef McWrap', 'The new Classic Beef McWrap, made with juicy 100% Aussie Beef, Lettuce, Tomato, Grilled Onions, Macca \'s Classic Cheese & creamy Signature Sauce all wrapped up in a delicious wholemeal tortilla.', 'roll', ''),
(129, 'Spicy Chicken McWrap', 'The new Spicy Chicken McWrap, made with juicy 100% Aussie Chicken Breast Fillet, Coleslaw, Leafy Greens, Creamy Mayo & Spicy Sauce all wrapped up in a delicious wholemeal tortilla.', 'roll', ''),
(130, 'Classic Angus', '100% Aussie Angus beef, classic cheese, tomato, onions and pickles with mustard and mayo', 'burger', ''),
(131, 'Mighty McMuffin', 'Two rashers of bacon, egg, cheese and a sausage patty on an English muffin. A mighty eat to rid you of your mighty hunger.', 'burger', ''),
(132, 'English Muffin', 'Like it simple? Enjoy a toasted and warm English style muffin, spread with your choice of VEGEMITE or strawberry jam.', 'sides', ''),
(133, 'Raisin Toast with butter', 'Succulent raisins and aromatic spices, make this the toast of the town', 'bfast', ''),
(134, 'Parmi Burger', 'Love a good Parmi? Then try our seriously saucy Parmi Burger with parmigiana and cheese sauce.  It\'s so good you won \'t want to waste a drop.', 'burger', ''),
(135, 'Chicken Deluxe', 'Grilled or Crispy 100% Aussie Chicken Breast, Cheese, Crispy Lettuce, tomato, creamy garlic aioli all on a sesame seed bun. Yum.', 'burger', ''),
(136, 'McVeggie Deluxe', 'A delicious build with jack cheese, tomato, fresh lettuce, and a golden, crunchy potato, cheese and veggie patty. Now there truly is something for everyone at Macca \'s.', 'burger', ''),
(137, 'Big Brekkie Burger', 'It starts with a warm, crisp hash brown, melting cheese, rasher bacon and a freshly cracked egg. Finished with a 100% Aussie beef patty and a generous dollop of BBQ sauce in between a toasted sesame seed bun.', 'burger', ''),
(138, 'Chocolate Frapp', 'Creamy chocolate syrup with whipped cream ?   you know it \'ll always hit the spot.', 'dessert', 'c'),
(139, 'Chicken McBites- 10 piece pack', 'Get them while they\'re hot. Our legendary, super-tasty Chicken McBites are the perfect side to any meal. We only use the highest quality chicken.', 'sides', ''),
(140, 'Ham, Cheese & Tomato Toastie', 'Ham, tomato and melted tasty cheese, all squished between two slices of golden toast.', 'bfast', '');

-- --------------------------------------------------------

--
-- Table structure for table `store_test_2`
--

CREATE TABLE `store_test_2` (
  `store_id` int(100) NOT NULL,
  `store_name` varchar(100) NOT NULL,
  `product_id` int(100) NOT NULL,
  `loc` varchar(10) NOT NULL
) ENGINE=InnoDB DEFAULT CHARSET=latin1;

--
-- Dumping data for table `store_test_2`
--

INSERT INTO `store_test_2` (`store_id`, `store_name`, `product_id`, `loc`) VALUES
(100, 'Captain America (US)', 1, 'us'),
(100, 'Captain America (US)', 3, 'us'),
(100, 'Captain America (US)', 4, 'us'),
(100, 'Captain America (US)', 5, 'us'),
(100, 'Captain America (US)', 6, 'us'),
(100, 'Captain America (US)', 10, 'us'),
(100, 'Captain America (US)', 11, 'us'),
(100, 'Captain America (US)', 12, 'us'),
(100, 'Captain America (US)', 13, 'us'),
(100, 'Captain America (US)', 14, 'us'),
(100, 'Captain America (US)', 15, 'us'),
(100, 'Captain America (US)', 16, 'us'),
(100, 'Captain America (US)', 17, 'us'),
(100, 'Captain America (US)', 18, 'us'),
(100, 'Captain America (US)', 20, 'us'),
(100, 'Captain America (US)', 21, 'us'),
(100, 'Captain America (US)', 23, 'us'),
(100, 'Captain America (US)', 25, 'us'),
(100, 'Captain America (US)', 26, 'us'),
(100, 'Captain America (US)', 28, 'us'),
(100, 'Captain America (US)', 34, 'us'),
(100, 'Captain America (US)', 35, 'us'),
(100, 'Captain America (US)', 36, 'us'),
(100, 'Captain America (US)', 38, 'us'),
(100, 'Captain America (US)', 44, 'us'),
(100, 'Captain America (US)', 51, 'us'),
(100, 'Captain America (US)\r\n', 65, 'us'),
(100, 'Captain America (US)', 68, 'us'),
(100, 'Captain America (US)', 89, 'us'),
(100, 'Captain America (US)', 92, 'us'),
(100, 'Captain America (US)', 95, 'us'),
(100, 'Captain America (US)', 116, 'us'),
(100, 'Captain America (US)', 119, 'us'),
(100, 'Captain America (US)', 122, 'us'),
(101, 'Desi Tadka (IN)', 4, 'in'),
(101, 'Desi Tadka (IN)', 6, 'in'),
(101, 'Desi Tadka (IN)', 12, 'in'),
(101, 'Desi Tadka (IN)', 13, 'in'),
(101, 'Desi Tadka (IN)', 15, 'in'),
(101, 'Desi Tadka (IN)', 20, 'in'),
(101, 'Desi Tadka (IN)', 24, 'in'),
(101, 'Desi Tadka (IN)', 45, 'in'),
(101, 'Desi Tadka (IN)', 47, 'in'),
(101, 'Desi Tadka (IN)', 50, 'in'),
(101, 'Desi Tadka (IN)', 52, 'in'),
(101, 'Desi Tadka (IN)', 54, 'in'),
(101, 'Desi Tadka (IN)', 59, 'in'),
(101, 'Desi Tadka (IN)', 61, 'in'),
(101, 'Desi Tadka (IN)', 62, 'in'),
(101, 'Desi Tadka (IN)', 63, 'in'),
(101, 'Desi Tadka (IN)', 70, 'in'),
(101, 'Desi Tadka (IN)', 105, 'in'),
(101, 'Desi Tadka (IN)', 106, 'in'),
(101, 'Desi Tadka (IN)', 113, 'in'),
(101, 'Desi Tadka (IN)', 116, 'in'),
(101, 'Desi Tadka (IN)', 125, 'in'),
(101, 'Desi Tadka (IN)', 126, 'in'),
(101, 'Desi Tadka (IN)', 129, 'in'),
(102, 'Simon Go Back (UK)', 1, 'uk'),
(102, 'Simon Go Back (UK)', 4, 'uk'),
(102, 'Simon Go Back (UK)', 9, 'uk'),
(102, 'Simon Go Back (UK)', 18, 'uk'),
(102, 'Simon Go Back (UK)', 25, 'uk'),
(102, 'Simon Go Back (UK)', 29, 'uk'),
(102, 'Simon Go Back (UK)', 36, 'uk'),
(102, 'Simon Go Back (UK)', 57, 'uk'),
(102, 'Simon Go Back (UK)', 60, 'uk'),
(102, 'Simon Go Back (UK)', 67, 'uk'),
(102, 'Simon Go Back (UK)', 71, 'uk'),
(102, 'Simon Go Back (UK)', 75, 'uk'),
(102, 'Simon Go Back (UK)', 89, 'uk'),
(102, 'Simon Go Back (UK)', 90, 'uk'),
(102, 'Simon Go Back (UK)', 100, 'uk'),
(102, 'Simon Go Back (UK)', 114, 'uk'),
(102, 'Simon Go Back (UK)', 117, 'uk'),
(102, 'Simon Go Back (UK)', 130, 'uk'),
(102, 'Simon Go Back (UK)', 132, 'uk'),
(102, 'Simon Go Back (UK)', 133, 'uk'),
(102, 'Simon Go Back (UK)', 135, 'uk'),
(102, 'Simon Go Back (UK)', 138, 'uk'),
(102, 'Simon Go Back (UK)', 140, 'uk'),
(103, 'Aussie (AU)', 1, 'au'),
(103, 'Aussie (AU)', 3, 'au'),
(103, 'Aussie (AU)', 6, 'au'),
(103, 'Aussie (AU)', 20, 'au'),
(103, 'Aussie (AU)', 21, 'au'),
(103, 'Aussie (AU)', 22, 'au'),
(103, 'Aussie (AU)', 26, 'au'),
(103, 'Aussie (AU)', 29, 'au'),
(103, 'Aussie (AU)', 33, 'au'),
(103, 'Aussie (AU)', 78, 'au'),
(103, 'Aussie (AU)', 105, 'au'),
(103, 'Aussie (AU)', 111, 'au'),
(103, 'Aussie (AU)', 120, 'au'),
(103, 'Aussie (AU)', 125, 'au'),
(103, 'Aussie (AU)', 126, 'au'),
(103, 'Aussie (AU)', 127, 'au'),
(103, 'Aussie (AU)', 128, 'au'),
(103, 'Aussie (AU)', 129, 'au'),
(103, 'Aussie (AU)', 130, 'au'),
(103, 'Aussie (AU)', 131, 'au'),
(103, 'Aussie (AU)', 135, 'au'),
(103, 'Aussie (AU)', 137, 'au'),
(103, 'Aussie (AU)', 138, 'au'),
(104, 'Bombai (IN)', 4, 'in'),
(104, 'Bombai (IN)', 5, 'in'),
(104, 'Bombai (IN)', 6, 'in'),
(104, 'Bombai (IN)', 12, 'in'),
(104, 'Bombai (IN)', 13, 'in'),
(104, 'Bombai (IN)', 14, 'in'),
(104, 'Bombai (IN)', 15, 'in'),
(104, 'Bombai (IN)', 20, 'in'),
(104, 'Bombai (IN)', 23, 'in'),
(104, 'Bombai (IN)', 24, 'in'),
(104, 'Bombai (IN)', 25, 'in'),
(104, 'Bombai (IN)', 30, 'in'),
(104, 'Bombai (IN)', 32, 'in'),
(104, 'Bombai (IN)', 44, 'in'),
(104, 'Bombai (IN)', 50, 'in'),
(104, 'Bombai (IN)', 52, 'in'),
(104, 'Bombai (IN)', 54, 'in'),
(104, 'Bombai (IN)', 60, 'in'),
(104, 'Bombai (IN)', 61, 'in'),
(104, 'Bombai (IN)', 62, 'in'),
(104, 'Bombai (IN)', 64, 'in'),
(104, 'Bombai (IN)', 67, 'in'),
(104, 'Bombai (IN)', 68, 'in'),
(104, 'Bombai (IN)', 70, 'in'),
(104, 'Bombai (IN)', 73, 'in'),
(104, 'Bombai (IN)', 99, 'in'),
(105, 'Joe Biden (US)', 1, 'us'),
(105, 'Joe Biden (US)', 3, 'us'),
(105, 'Joe Biden (US)', 5, 'us'),
(105, 'Joe Biden (US)', 6, 'us'),
(105, 'Joe Biden (US)', 7, 'us'),
(105, 'Joe Biden (US)', 9, 'us'),
(105, 'Joe Biden (US)', 10, 'us'),
(105, 'Joe Biden (US)', 11, 'us'),
(105, 'Joe Biden (US)', 12, 'us'),
(105, 'Joe Biden (US)', 15, 'us'),
(105, 'Joe Biden (US)', 26, 'us'),
(105, 'Joe Biden (US)', 27, 'us'),
(105, 'Joe Biden (US)', 30, 'us'),
(105, 'Joe Biden (US)', 31, 'us'),
(105, 'Joe Biden (US)', 33, 'us'),
(105, 'Joe Biden (US)', 35, 'us'),
(105, 'Joe Biden (US)', 38, 'us'),
(105, 'Joe Biden (US)', 39, 'us'),
(105, 'Joe Biden (US)', 41, 'us'),
(105, 'Joe Biden (US)', 58, 'us'),
(105, 'Joe Biden (US)', 65, 'us'),
(105, 'Joe Biden (US)', 70, 'us'),
(105, 'Joe Biden (US)', 72, 'us'),
(105, 'Joe Biden (US)', 74, 'us'),
(105, 'Joe Biden (US)', 77, 'us'),
(105, 'Joe Biden (US)', 97, 'us'),
(105, 'Joe Biden (US)', 100, 'us'),
(105, 'Joe Biden (US)', 104, 'us'),
(105, 'Joe Biden (US)', 108, 'us'),
(106, 'Go Wild (AF)', 1, 'af'),
(106, 'Go Wild (AF)', 4, 'af'),
(106, 'Go Wild (AF)', 5, 'af'),
(106, 'Go Wild (AF)', 12, 'af'),
(106, 'Go Wild (AF)', 13, 'af'),
(106, 'Go Wild (AF)', 14, 'af'),
(106, 'Go Wild (AF)', 20, 'af'),
(106, 'Go Wild (AF)', 23, 'af'),
(106, 'Go Wild (AF)', 24, 'af'),
(106, 'Go Wild (AF)', 33, 'af'),
(106, 'Go Wild (AF)', 45, 'af'),
(106, 'Go Wild (AF)', 46, 'af'),
(106, 'Go Wild (AF)', 59, 'af'),
(106, 'Go Wild (AF)', 67, 'af'),
(106, 'Go Wild (AF)', 68, 'af'),
(106, 'Go Wild (AF)', 79, 'af'),
(106, 'Go Wild (AF)', 83, 'af'),
(106, 'Go Wild (AF)', 85, 'af'),
(106, 'Go Wild (AF)', 86, 'af'),
(106, 'Go Wild (AF)', 88, 'af'),
(106, 'Go Wild (AF)', 93, 'af'),
(106, 'Go Wild (AF)', 99, 'af'),
(106, 'Go Wild (AF)', 118, 'af'),
(106, 'Go Wild (AF)', 128, 'af'),
(106, 'Go Wild (AF)', 129, 'af'),
(106, 'Go Wild (AF)', 133, 'af'),
(107, 'Mini Punjab (CA)', 1, 'ca'),
(107, 'Mini Punjab (CA)', 9, 'ca'),
(107, 'Mini Punjab (CA)', 10, 'ca'),
(107, 'Mini Punjab (CA)', 11, 'ca'),
(107, 'Mini Punjab (CA)', 12, 'ca'),
(107, 'Mini Punjab (CA)', 14, 'ca'),
(107, 'Mini Punjab (CA)', 16, 'ca'),
(107, 'Mini Punjab (CA)', 17, 'ca'),
(107, 'Mini Punjab (CA)', 29, 'ca'),
(107, 'Mini Punjab (CA)', 30, 'ca'),
(107, 'Mini Punjab (CA)', 31, 'ca'),
(107, 'Mini Punjab (CA)', 36, 'ca'),
(107, 'Mini Punjab (CA)', 43, 'ca'),
(107, 'Mini Punjab (CA)', 65, 'ca'),
(107, 'Mini Punjab (CA)', 87, 'ca'),
(107, 'Mini Punjab (CA)', 100, 'ca'),
(107, 'Mini Punjab (CA)', 102, 'ca'),
(107, 'Mini Punjab (CA)', 103, 'ca'),
(107, 'Mini Punjab (CA)', 113, 'ca'),
(107, 'Mini Punjab (CA)', 115, 'ca'),
(107, 'Mini Punjab (CA)', 116, 'ca'),
(107, 'Mini Punjab (CA)', 121, 'ca'),
(107, 'Mini Punjab (CA)', 122, 'ca'),
(107, 'Mini Punjab (CA)', 131, 'ca'),
(107, 'Mini Punjab (CA)', 133, 'ca'),
(107, 'Mini Punjab (CA)', 139, 'ca'),
(108, 'Lagaan (UK)', 4, 'uk'),
(108, 'Lagaan (UK)', 6, 'uk'),
(108, 'Lagaan (UK)', 9, 'uk'),
(108, 'Lagaan (UK)', 15, 'uk'),
(108, 'Lagaan (UK)', 17, 'uk'),
(108, 'Lagaan (UK)', 21, 'uk'),
(108, 'Lagaan (UK)', 23, 'uk'),
(108, 'Lagaan (UK)', 28, 'uk'),
(108, 'Lagaan (UK)', 31, 'uk'),
(108, 'Lagaan (UK)', 34, 'uk'),
(108, 'Lagaan (UK)', 38, 'uk'),
(108, 'Lagaan (UK)', 39, 'uk'),
(108, 'Lagaan (UK)', 41, 'uk'),
(108, 'Lagaan (UK)', 42, 'uk'),
(108, 'Lagaan (UK)', 45, 'uk'),
(108, 'Lagaan (UK)', 61, 'uk'),
(108, 'Lagaan (UK)', 66, 'uk'),
(108, 'Lagaan (UK)', 68, 'uk'),
(108, 'Lagaan (UK)', 74, 'uk'),
(108, 'Lagaan (UK)', 76, 'uk'),
(108, 'Lagaan (UK)', 83, 'uk'),
(108, 'Lagaan (UK)', 87, 'uk'),
(108, 'Lagaan (UK)', 88, 'uk'),
(108, 'Lagaan (UK)', 90, 'uk'),
(108, 'Lagaan (UK)', 92, 'uk'),
(108, 'Lagaan (UK)', 97, 'uk'),
(108, 'Lagaan (UK)', 102, 'uk'),
(108, 'Lagaan (UK)', 105, 'uk'),
(108, 'Lagaan (UK)', 106, 'uk'),
(108, 'Lagaan (UK)', 109, 'uk'),
(108, 'Lagaan (UK)', 114, 'uk'),
(108, 'Lagaan (UK)', 116, 'uk'),
(108, 'Lagaan (UK)', 127, 'uk'),
(108, 'Lagaan (UK)', 133, 'uk'),
(108, 'Lagaan (UK)', 137, 'uk'),
(108, 'Lagaan (UK)', 139, 'uk'),
(108, 'Lagaan (UK)', 140, 'uk'),
(109, 'Al Habibi (UAE)', 1, 'uae'),
(109, 'Al Habibi (UAE)', 14, 'uae'),
(109, 'Al Habibi (UAE)', 15, 'uae'),
(109, 'Al Habibi (UAE)', 21, 'uae'),
(109, 'Al Habibi (UAE)', 22, 'uae'),
(109, 'Al Habibi (UAE)', 23, 'uae'),
(109, 'Al Habibi (UAE)', 31, 'uae'),
(109, 'Al Habibi (UAE)', 34, 'uae'),
(109, 'Al Habibi (UAE)', 48, 'uae'),
(109, 'Al Habibi (UAE)', 49, 'uae'),
(109, 'Al Habibi (UAE)', 57, 'uae'),
(109, 'Al Habibi (UAE)', 65, 'uae'),
(109, 'Al Habibi (UAE)', 68, 'uae'),
(109, 'Al Habibi (UAE)', 80, 'uae'),
(109, 'Al Habibi (UAE)', 82, 'uae'),
(109, 'Al Habibi (UAE)', 84, 'uae'),
(109, 'Al Habibi (UAE)', 92, 'uae'),
(109, 'Al Habibi (UAE)', 97, 'uae'),
(109, 'Al Habibi (UAE)', 99, 'uae'),
(109, 'Al Habibi (UAE)', 102, 'uae'),
(109, 'Al Habibi (UAE)', 103, 'uae'),
(109, 'Al Habibi (UAE)', 113, 'uae'),
(109, 'Al Habibi (UAE)', 115, 'uae'),
(109, 'Al Habibi (UAE)', 117, 'uae'),
(109, 'Al Habibi (UAE)', 121, 'uae'),
(109, 'Al Habibi (UAE)', 122, 'uae'),
(109, 'Al Habibi (UAE)', 129, 'uae'),
(109, 'Al Habibi (UAE)', 132, 'uae'),
(109, 'Al Habibi (UAE)', 138, 'uae'),
(110, 'Hemsworth (AU)', 7, 'au'),
(110, 'Hemsworth (AU)', 8, 'au'),
(110, 'Hemsworth (AU)', 12, 'au'),
(110, 'Hemsworth (AU)', 13, 'au'),
(110, 'Hemsworth (AU)', 18, 'au'),
(110, 'Hemsworth (AU)', 20, 'au'),
(110, 'Hemsworth (AU)', 22, 'au'),
(110, 'Hemsworth (AU)', 30, 'au'),
(110, 'Hemsworth (AU)', 32, 'au'),
(110, 'Hemsworth (AU)', 37, 'au'),
(110, 'Hemsworth (AU)', 40, 'au'),
(110, 'Hemsworth (AU)', 42, 'au'),
(110, 'Hemsworth (AU)', 43, 'au'),
(110, 'Hemsworth (AU)', 44, 'au'),
(110, 'Hemsworth (AU)', 58, 'au'),
(110, 'Hemsworth (AU)', 60, 'au'),
(110, 'Hemsworth (AU)', 72, 'au'),
(110, 'Hemsworth (AU)', 74, 'au'),
(110, 'Hemsworth (AU)', 83, 'au'),
(110, 'Hemsworth (AU)', 88, 'au'),
(110, 'Hemsworth (AU)', 94, 'au'),
(110, 'Hemsworth (AU)', 101, 'au'),
(110, 'Hemsworth (AU)', 107, 'au'),
(110, 'Hemsworth (AU)', 118, 'au'),
(110, 'Hemsworth (AU)', 123, 'au'),
(110, 'Hemsworth (AU)', 124, 'au'),
(110, 'Hemsworth (AU)', 127, 'au'),
(110, 'Hemsworth (AU)', 134, 'au'),
(111, 'Russo (US)', 2, 'us'),
(111, 'Russo (US)', 4, 'us'),
(111, 'Russo (US)', 5, 'us'),
(111, 'Russo (US)', 6, 'us'),
(111, 'Russo (US)', 14, 'us'),
(111, 'Russo (US)', 15, 'us'),
(111, 'Russo (US)', 21, 'us'),
(111, 'Russo (US)', 39, 'us'),
(111, 'Russo (US)', 43, 'us'),
(111, 'Russo (US)', 56, 'us'),
(111, 'Russo (US)', 57, 'us'),
(111, 'Russo (US)', 75, 'us'),
(111, 'Russo (US)', 80, 'us'),
(111, 'Russo (US)', 82, 'us'),
(111, 'Russo (US)', 83, 'us'),
(111, 'Russo (US)', 84, 'us'),
(111, 'Russo (US)', 93, 'us'),
(111, 'Russo (US)', 94, 'us'),
(111, 'Russo (US)', 95, 'us'),
(111, 'Russo (US)', 96, 'us'),
(111, 'Russo (US)', 98, 'us'),
(111, 'Russo (US)', 99, 'us'),
(111, 'Russo (US)', 111, 'us'),
(111, 'Russo (US)', 114, 'us'),
(111, 'Russo (US)', 115, 'us'),
(111, 'Russo (US)', 116, 'us'),
(111, 'Russo (US)', 119, 'us'),
(111, 'Russo (US)', 123, 'us'),
(111, 'Russo (US)', 124, 'us'),
(112, 'Random (IN)', 7, 'in'),
(112, 'Random (IN)', 11, 'in'),
(112, 'Random (IN)', 12, 'in'),
(112, 'Random (IN)', 22, 'in'),
(112, 'Random (IN)', 26, 'in'),
(112, 'Random (IN)', 30, 'in'),
(112, 'Random (IN)', 33, 'in'),
(112, 'Random (IN)', 39, 'in'),
(112, 'Random (IN)', 41, 'in'),
(112, 'Random (IN)', 47, 'in'),
(112, 'Random (IN)', 52, 'in'),
(112, 'Random (IN)', 56, 'in'),
(112, 'Random (IN)', 59, 'in'),
(112, 'Random (IN)', 62, 'in'),
(112, 'Random (IN)', 68, 'in'),
(112, 'Random (IN)', 106, 'in'),
(112, 'Random (IN)', 111, 'in'),
(112, 'Random (IN)', 113, 'in'),
(112, 'Random (IN)', 133, 'in'),
(113, '1992 (CA)', 1, 'ca'),
(113, '1992 (CA)', 10, 'ca'),
(113, '1992 (CA)', 20, 'ca'),
(113, '1992 (CA)', 36, 'ca'),
(113, '1992 (CA)', 42, 'ca'),
(113, '1992 (CA)', 48, 'ca'),
(113, '1992 (CA)', 60, 'ca'),
(113, '1992 (CA)', 63, 'ca'),
(113, '1992 (CA)', 65, 'ca'),
(113, '1992 (CA)', 69, 'ca'),
(113, '1992 (CA)', 76, 'ca'),
(113, '1992 (CA)', 83, 'ca'),
(113, '1992 (CA)', 102, 'ca'),
(113, '1992 (CA)', 122, 'ca'),
(113, '1992 (CA)', 124, 'ca'),
(113, '1992 (CA)', 125, 'ca'),
(113, '1992 (CA)', 128, 'ca'),
(113, '1992 (CA)', 136, 'ca'),
(113, '1992 (CA)', 137, 'ca'),
(114, 'Final (US)', 2, 'us'),
(114, 'Final (US)', 13, 'us'),
(114, 'Final (US)', 19, 'us'),
(114, 'Final (US)', 36, 'us'),
(114, 'Final (US)', 39, 'us'),
(114, 'Final (US)', 45, 'us'),
(114, 'Final (US)', 48, 'us'),
(114, 'Final (US)', 50, 'us'),
(114, 'Final (US)', 75, 'us'),
(114, 'Final (US)', 76, 'us'),
(114, 'Final (US)', 79, 'us'),
(114, 'Final (US)', 86, 'us'),
(114, 'Final (US)', 89, 'us'),
(114, 'Final (US)', 95, 'us'),
(114, 'Final (US)', 98, 'us'),
(114, 'Final (US)', 99, 'us'),
(114, 'Final (US)', 116, 'us'),
(114, 'Final (US)', 120, 'us');

--
-- Indexes for dumped tables
--

--
-- Indexes for table `customer`
--
ALTER TABLE `customer`
  ADD PRIMARY KEY (`customer_id`);

--
-- Indexes for table `orders_test_2`
--
ALTER TABLE `orders_test_2`
  ADD PRIMARY KEY (`order_id`,`product_id`),
  ADD KEY `fk_on_store` (`store_id`),
  ADD KEY `fk_on_products` (`product_id`),
  ADD KEY `fk_on_customer` (`customer_id`);

--
-- Indexes for table `product_test`
--
ALTER TABLE `product_test`
  ADD PRIMARY KEY (`product_id`);

--
-- Indexes for table `store_test_2`
--
ALTER TABLE `store_test_2`
  ADD PRIMARY KEY (`store_id`,`product_id`),
  ADD KEY `fk_sn_products` (`product_id`);

--
-- Constraints for dumped tables
--

--
-- Constraints for table `orders_test_2`
--
ALTER TABLE `orders_test_2`
  ADD CONSTRAINT `fk_on_customer` FOREIGN KEY (`customer_id`) REFERENCES `customer` (`customer_id`) ON DELETE CASCADE ON UPDATE CASCADE,
  ADD CONSTRAINT `fk_on_products` FOREIGN KEY (`product_id`) REFERENCES `product_test` (`product_id`) ON DELETE CASCADE ON UPDATE CASCADE,
  ADD CONSTRAINT `fk_on_store` FOREIGN KEY (`store_id`) REFERENCES `store_test_2` (`store_id`) ON DELETE CASCADE ON UPDATE CASCADE;

--
-- Constraints for table `store_test_2`
--
ALTER TABLE `store_test_2`
  ADD CONSTRAINT `fk_sn_products` FOREIGN KEY (`product_id`) REFERENCES `product_test` (`product_id`) ON DELETE CASCADE ON UPDATE CASCADE;
COMMIT;

/*!40101 SET CHARACTER_SET_CLIENT=@OLD_CHARACTER_SET_CLIENT */;
/*!40101 SET CHARACTER_SET_RESULTS=@OLD_CHARACTER_SET_RESULTS */;
/*!40101 SET COLLATION_CONNECTION=@OLD_COLLATION_CONNECTION */;
